Geburtstag,Plays since,Profi since,Nationality,Handedness,Darts gramm,Name,Name S.
,,,Philippinen,Rechtshänder,,Alain Abiabi,Abiabi A.
04.07.1956,1981,1988,England,Rechtshänder,Engraved Datadart M3 22g,Martin Adams,Adams M.
06.11.1967,,,Südafrika,Rechtshänder,,Simon Adams,Adams S.
05.01.1994,,,Ungarn,Rechtshänder,,Tamás Alexits,Alexits T.
25.03.1978,2018,,England,Rechtshänder,Adrian Lewis Gen 1,Antony Allen,Allen A.
08.09.1991,2014,,Deutschland,Rechtshänder,Evo Darts,Robert Allenstein,Allenstein R.
17.12.1993,2018,,Deutschland,Rechtshänder,Josh Rock 22g,Marcel Althaus,Althaus M.
27.02.1991,,,Portugal,Rechtshänder,,Luis Ameixa,Ameixa L.
24.04.1989,2003,2022,Dänemark,Rechtshänder,21g,Vladimir Andersen,Andersen V.
25.12.1982,1991,,Australien,Rechtshänder,21g Tigers,Beau Anderson,Anderson B.
07.11.1947,,,England,,,Bob Anderson,Anderson B.
22.12.1970,1995,2006,Schottland,Rechtshänder,Unicorn Maestro Phase 3 23g,Gary Anderson,Anderson G.
,1993,2006,Australien,Rechtshänder,Shot Darts 23g,Kyle Anderson,Anderson K.
03.12.1999,2018,,Deutschland,Rechtshänder,One80 JetStream Stealth 23g,Jonas Aplowski,Aplowski J.
16.12.1968,1995,,Südafrika,Rechtshänder,22g Unicorn,Nolan Arendse,Arendse N.
09.10.1976,,2012,Deutschland,Rechtshänder,,Jyhan Artut,Artut J.
06.03.1980,,2012,Japan,Rechtshänder,19g,Seigo Asada,Asada S.
03.04.1963,1980er,,England,Rechtshänder,19g Phil Taylor,Dave Askew,Askew D.
14.10.1984,,,England,Rechtshänder,,Jason Askew,Askew J.
15.07.1991,,2012,England,Rechtshänder,Target 27g,Nathan Aspinall,Aspinall N.
27.04.1988,2009,,England,Rechtshänder,Target 23g,Jamie Atkins,Atkins J.
24.12.1965,1983,2002,England,Rechtshänder,Red Dragon Martin Atkins 24g,Martin Atkins,Atkins M.
,2015,,England,Rechtshänder,Winmau 23g,Daniel Ayres,Ayres D.
03.10.1995,,,Japan,Rechtshänder,TIGA Darts 21g,Ryusei Azemoto,Azemoto R.
15.09.1987,,,Japan,Rechtshänder,Cosmo Yoshihisa Baba Signature Model,Yoshihisa Baba,Baba Y.
,,,Belgien,Rechtshänder,,Patrick De Backer,De Backer P.
06.11.1988,2006,2018,Belgien,Rechtshänder,22g,Davy van Baelen,van Baelen D.
24.02.1989,2014,,Belgien,Rechtshänder,,Andy Baetens,Baetens A.
19.08.1983,2007,2021,USA,Rechtshänder,Target Signature 23g,Danny Baggish,Baggish D.
22.10.1969,1990,,Australien,Linkshänder,Trinidad 20g,James Bailey,Bailey J.
08.12.1989,,2013,Schottland,Rechtshänder,,Jamie Bain,Bain J.
31.03.1986,,2017,England,Rechtshänder,Loxley,Scott Baker,Baker S.
21.06.1982,,,Albanien,Rechtshänder,,Arsen Ballaj,Ballaj A.
13.09.2006,2020,,England,Rechtshänder,Mission Darts,Thomas Banks,Banks T.
03.01.1980,2015,,Litauen,Rechtshänder,Shot,Mindaugas Barauskas,Barauskas M.
02.09.1970,1990,,Spanien,Rechtshänder,20g Powercore,Julio Barbero,Barbero J.
14.11.1973,1993,2014,Schottland,Rechtshänder,Phil Taylor Unicorn 23g,Mark Barilli,Barilli M.
27.02.2001,,,Deutschland,Rechtshänder,,Jannis Barkhausen,Barkhausen J.
08.10.1976,1991,,England,Rechtshänder,Unicorn 22g,Michael Barnard,Barnard M.
20.04.1967,1984,,Niederlande,,,Raymond van Barneveld,van Barneveld R.
13.02.1975,,,Irland,Rechtshänder,Eigenmarke 26g,Jason Barry,Barry J.
25.06.2002,2016,2021,Irland,Rechtshänder,Target Signature 24g,Keane Barry,Barry K.
16.01.1979,2018,,England,Rechtshänder,25g Harrows,Chas Barstow,Barstow C.
,2016,,Niederlande,Rechtshänder,,Daan Bastiaansen,Bastiaansen D.
17.10.1969,1997,2001,Wales,Rechtshänder,22g,Barrie Bates,Bates B.
12.12.2002,,,England,Rechtshänder,Loxley,Owen Bates,Bates O.
02.05.1961,,,England,Rechtshänder,,Ronnie Baxter,Baxter R.
05.04.1964,1972,2001,England,Rechtshänder,Winmau Steve Beaton 22g,Steve Beaton,Beaton S.
01.01.1984,,2018,England,Rechtshänder,24g Loxley Darts,Aaron Beeney,Beeney A.
07.04.2003,,,England,Rechtshänder,One80 23g,James Beeton,Beeton J.
24.03.2000,2013,,Deutschland,Rechtshänder,Red Dragon Manic 22g,Robin Beger,Beger R.
23.06.2006,2023,,Deutschland,Linkshänder,,Finn Behrens,Behrens F.
03.05.1989,2006,,Schweiz,Rechtshänder,Loxley Darts,Stefan Bellmont,Bellmont S.
20.01.2000,2009,,Tschechien,Rechtshänder,Target Adrian Lewis 22g,Roman Benecky,Benecky R.
31.12.2005,2017,,England,Rechtshänder,Target,Leighton Bennett,Bennett L.
18.10.1985,1998,,Niederlande,,,Joey ten Berge,ten Berge J.
08.07.1994,,2013,Belgien,Rechtshänder,Target 22g,Dimitri van den Bergh,van den Bergh D.
26.05.1983,1999,,Deutschland,Rechtshänder,Vapor 8 Target,René Berndt,Berndt R.
03.08.1992,2011,,Schottland,Rechtshänder,Unicorn 24g,Darren Beveridge,Beveridge D.
12.05.1971,1991,,Ungarn,Linkshänder,Unicorn Global Nandor Bezzeg 23g,Nándor Bezzeg,Bezzeg N.
06.12.2003,2015,,Polen,Rechtshänder,,Sebastian Bialecki,Bialecki S.
24.09.1967,1994,,Deutschland,Rechtshänder,Manfred Bilderl EVO,Manfred Bilderl,Bilderl M.
,2014,,Malaysia,Linkshänder,,Mohd-Nasir Bin Jantan,Bin Jantan M.
02.04.1987,,,England,Rechtshänder,Unicorn,Tom Bissell,Bissell T.
27.11.1974,1986,2007,England,Rechtshänder,25g,Pip Blackwell,Blackwell P.
16.11.1980,2005,2020,England,Rechtshänder,Loxley Robin Model 2 22g,Gary Blades,Blades G.
07.07.1987,2012,,Schweiz,Linkshänder,Target 23g,Andy Bless,Bless A.
24.10.2001,2015,2022,Niederlande,Linkshänder,,Moreno Blom,Blom M.
24.04.1989,,,Belgien,,,Kevin Blomme,Blomme K.
13.12.2000,2003,2017,Deutschland,Rechtshänder,Cosmo Darts 22g,Nico Blum,Blum N.
,,,USA,Rechtshänder,,Doug Boehm,Boehm D.
13.02.1970,,,Belgien,Rechtshänder,,Luc Bogaert,Bogaert L.
26.10.2003,2021,,Deutschland,Rechtshänder,,Moritz Bohrmann,Bohrmann M.
10.05.1995,,,Niederlande,Rechtshänder,22g James Wade,Patrick van den Boogaard,van den Boogaard P.
31.08.2005,,,Ungarn,Rechtshänder,,András Borbely,Borbely A.
08.11.1996,2015,2021,Schottland,Rechtshänder,Winmau 24g,William Borland,Borland W.
09.11.2001,2016,,Niederlande,Rechtshänder,,Jarno Bottenberg,Bottenberg J.
25.02.1973,1991,2006,,Rechtshänder,Showtime X-Factor 23g,Andy Boulton,Boulton A.
,,,Südafrika,Rechtshänder,,Vernon Bouwers,Bouwers V.
26.05.1967,,,England,Rechtshänder,26g Target,John Bowles,Bowles J.
03.05.1975,1998,,USA,Rechtshänder,Shot Signature 23g,Jason Brandon,Brandon J.
10.02.1983,,,Tschechien,Rechtshänder,,Jiri Brejcha,Brejcha J.
02.10.2002,2017,,Deutschland,Rechtshänder,,Jannes Bremermann,Bremermann J.
06.08.1973,1997,,Kanada,Rechtshänder,Laserdarts 24g,Shawn Brenneman,Brenneman S.
,1969,,England,Rechtshänder,Harrows Eric Bristow 22g,Eric Bristow,Bristow E.
20.02.2000,2015,2018,England,Rechtshänder,Shot,Bradley Brooks,Brooks B.
01.01.1984,,,England,,,Jordan Brooks,Brooks J.
,1999,,Gibraltar,Rechtshänder,,Justin Broton,Broton J.
,,,Neuseeland,Rechtshänder,,Craig Brown,Brown C.
12.07.1970,1990,2016-2017,England,Rechtshänder,20g Red Dragon,Darron Brown,Brown D.
14.02.1971,2011,,Schottland,Rechtshänder,24g,Jim Brown,Brown J.
18.10.1999,,2021,England,Rechtshänder,Target Darts,John Brown,Brown J.
05.11.1992,2001,2011,England,Rechtshänder,,Keegan Brown,Brown K.
25.01.1981,1995,2006,England,Rechtshänder,Winmau 22g,Steve Brown,Brown S.
,,,Deutschland,Rechtshänder,,Frank Bruns,Bruns F.
25.06.1985,2005,,England,Rechtshänder,22g,Lee Bryant,Bryant L.
10.12.1994,2012,,England,Rechtshänder,23g,Lee Budgen,Budgen L.
,,,Deutschland,Rechtshänder,,Markus Buffler,Buffler M.
06.01.1995,,,Deutschland,Rechtshänder,,Christian Bunse,Bunse C.
09.04.1985,1997,2014,England,Rechtshänder,Target Bullet Darts 18g,Stephen Bunting,Bunting S.
27.04.1979,2003,,USA,Rechtshänder,Shot Darts 23g,Stowe Buntz,Buntz S.
19.07.1968,2002,,Österreich,,,Dietmar Burger,Burger D.
11.11.1993,2017,,England,Rechtshänder,,Pete Burgoyne,Burgoyne P.
17.11.1965,2008,2018,Nordirland,Rechtshänder,,Kevin Burness,Burness K.
07.02.1967,1983,1995,Wales,Rechtshänder,Red Dragon Richie Burnett,Richie Burnett,Burnett R.
05.11.1978,,,Kanada,Rechtshänder,PhoenixSports Signature Darts 24g,Shawn Burt,Burt S.
02.12.1987,2007,,England,Rechtshänder,Mission Darts,Stephen Burton,Burton S.
21.07.1957,1977,1992,USA,Rechtshänder,Dynasty 24g,Larry Butler,Butler L.
18.03.1995,,,Australien,Rechtshänder,24g,Corey Cadby,Cadby C.
20.01.1973,1990,2010,Neuseeland,Rechtshänder,,Craig Caldwell,Caldwell C.
15.09.1969,1990,1998,Kanada,Rechtshänder,Cosmo Darts Signature 22g,David Cameron,Cameron D.
29.09.1989,2014,2021,Kanada,Rechtshänder,Galaxy 22g,Matt Campbell,Campbell M.
04.04.1967,,,Nordirland,Rechtshänder,Target Carrera C4 24g,Ray Campbell,Campbell R.
15.11.1968,1987,2009,Schweden,Rechtshänder,,Magnus Caris,Caris M.
06.02.1985,2005,2019,Nordirland,Rechts,Target 24g,Gavin Carlin,Carlin G.
16.01.1996,2016,,Südafrika,Rechtshänder,24g,Cameron Carolissen,Carolissen C.
24.01.1987,,,Belgien,Rechtshänder,One80 Signature,Jeroen Caron,Caron J.
19.04.1977,2015,,England,Rechtshänder,,Shaun Carroll,Carroll S.
,,,Australien,Rechtshänder,,Michael Cassar,Cassar M.
10.03.1976,1993,2007,England,Rechtshänder,Cuesoul Jamie Caven 23g,Jamie Caven,Caven J.
05.01.1966,,,England,Rechtshänder,19g Alan Caves,Alan Caves,Caves A.
04.04.1975,1994,,USA,Rechtshänder,,Joe Chaney,Chaney J.
18.03.1977,2014,,Island,Rechtshänder,Winmau Scott Waites 23g,Vitor Charrua,Charrua V.
28.09.1987,2008,,Japan,Rechtshänder,DMC 21g Sabre Masumi Chino,Masumi Chino,Chino M.
12.09.1980,1997,2007,England,Rechtshänder,Harrows Dave Chisnall 22g,Dave Chisnall,Chisnall D.
26.09.1996,,,Schottland,Rechtshänder,,Jamie Clark,Clark J.
26.03.1969,1992,2005-2010,Schottland,Rechtshänder,,Jason Clark,Clark J.
04.04.1968,1988,2011,England,,Elvan Own Design 22g,Matt Clark,Clark M.
11.10.1982,2002,2022,England,Rechtshänder,Mission 22g,Brett Claydon,Claydon B.
04.10.1974,2008,2015,Wales,Rechtshänder,Red Dragon Signature 21g,Jonny Clayton,Clayton J.
02.10.1967,2009,,Neuseeland,Rechtshänder,Cuesoul 23g,Mark Cleaver,Cleaver M.
16.08.1983,2001,2018,Deutschland,Rechtshänder,Target 23g,Gabriel Clemens,Clemens G.
03.07.2006,,,England,Rechtshänder,Unicorn Signature 22g,Henry Coates,Coates H.
,,,Australien,Rechtshänder,,Stuart Coburn,Coburn S.
22.07.1983,2016,,England,Rechtshänder,,Lee Cocks,Cocks L.
28.06.2000,2015,,England,Rechtshänder,Target Jarred Cole,Jarred Cole,Cole J.
07.07.1999,,,England,Rechtshänder,,Reece Colley,Colley R.
18.03.1979,2018,,England,Rechtshänder,22g,Robert Collins,Collins R.
20.03.1981,,,Australien,Rechtshänder,,Joe Comito,Comito J.
22.11.1972,,2010,Nordirland,Rechtshänder,,Barry Copeland,Copeland B.
,,,Neuseeland,Rechtshänder,,Brian Corbett,Corbett B.
20.04.1962,,,England,Rechtshänder,22g,Richie Corner,Corner R.
19.12.1978,2000,,Schottland,Rechtshänder,22g,Paul Coughlin,Coughlin P.
21.09.2003,,,England,Rechtshänder,Mission Darts,Cameron Crabtree,Crabtree C.
15.05.1993,2015,,England,Rechtshänder,Mission Signature 23g,Joe Croft,Croft J.
21.09.1990,1992,2017,England,Rechtshänder,Target Voltage Rob Cross 21g,Rob Cross,Cross R.
,,,Ungarn,Rechtshänder,,Andras Csoka,Csoka A.
11.06.1988,2004,2017,Irland,Rechtshänder,,Jason Cullen,Cullen J.
13.07.1989,2006,2008,England,Rechtshänder,Winmau 21g,Joe Cullen,Cullen J.
23.01.1976,2011,,Australien,Rechtshänder,Loxley Darts 23g,Mal Cuming,Cuming M.
,2021,2025,Deutschland,Rechtshänder,Bulls NL Dirk van Duijvenbode 23g,Maximilian Czerwinski,Czerwinski M.
01.02.1982,,,Italien,Rechtshänder,,Max Dalla Rosa,Dalla Rosa M.
,,,Italien,Rechtshänder,One80,Massimo Dante,Dante M.
16.02.1979,,,England,Rechtshänder,,Scott Darbyshire,Darbyshire S.
05.05.1975,,,England,Rechtshänder,,Gary Davey,Davey G.
02.12.1981,2016,,Wales,Rechtshänder,,John Davey,Davey J.
22.10.1985,2004,,Norwegen,Rechtshänder,,Rune David,David R.
11.09.1967,1993,,Australien,Rechtshänder,,Tony David,David T.
27.09.1995,,,Schottland,Rechtshänder,,Andrew Davidson,Davidson A.
20.03.1997,2010,,England,Rechtshänder,,Joe Davis,Davis J.
05.10.1995,,,USA,Rechtshänder,Viper 19g,JT Davis,Davis J.
12.12.1968,1980,2009,England,Rechtshänder,,Brian Dawson,Dawson B.
08.09.1988,2008,2016,England,Rechtshänder,One80 Daniel Day 22g,Daniel Day,Day D.
31.07.1955,1981,,Neuseeland,Rechtshänder,23g Shot,Mike Day,Day M.
15.02.1995,2010,2016,Belgien,Rechtshänder,Mission Darts 22g,Mike de Decker,de Decker M.
01.05.2005,2020,,Irland,Rechtshänder,Custom Winmau 23g,Adam Dee,Dee A.
09.10.1987,2012,,Norwegen,Rechtshänder,,Cor Dekker,Dekker C.
25.06.1990,1999,,Niederlande,,,Jan Dekker,Dekker J.
24.12.1959,,,England,Rechtshänder,Loxley Darts 25g,Keith Deller,Deller K.
25.06.1991,2008,2016,England,Rechtshänder,Unicorn 23g,Matthew Dennant,Dennant M.
,,,Engländer,Rechtshänder,,Carl Dennel,Dennel C.
15.01.1987,2007,2013,England,Rechtshänder,,Nathan Derry,Derry N.
,,,Belgien,Rechtshänder,,John Desreumaux,Desreumaux J.
20.05.1970,1995,,Niederlande,,,Dick van Dijk,van Dijk D.
,,,Italien,Rechtshänder,,Giuseppe di Rocco,di Rocco G.
31.05.1990,2010,2013,England,Rechtshänder,Target Contender Chris Dobey 23g,Chris Dobey,Dobey C.
05.05.1998,2003,,Niederlande,,,Kevin Doets,Doets K.
02.08.1973,1979,2002,Nordirland,Rechtshänder,Winmau 24g,Brendan Dolan,Dolan B.
13.07.1990,,2022,,Rechtshänder,Winmau 25g,Jules van Dongen,van Dongen J.
23.08.1961,2001,2018,England,Linkshänder,Unicorn,Eddie Dootson,Dootson E.
17.11.1977,1993,2010-2016,England,Linkshänder,20g Unicorn Sigma,Steve Douglas,Douglas S.
24.05.1988,2015,,Niederlande,Rechtshänder,,Martijn Dragt,Dragt M.
18.02.1973,2004,,Tschechien,Rechtshänder,,Pavel Drtil,Drtil P.
16.12.1998,2013,,Dänemark,Rechtshänder,Unicorn 25g,Benjamin Drue Reus,Drue Reus B.
14.06.1995,2022,,Deutschland,Rechtshänder,,Jan Dückers,Dückers J.
11.01.1973,1986,2004,England,Rechtshänder,Target 21g,Mark Dudbridge,Dudbridge M.
08.03.2004,,,England,Rechtshänder,,Tavis Dudeney,Dudeney T.
22.07.1972,,,Nordirland,Rechtshänder,RedDragon 23g,Neil Duff,Duff N.
30.06.1992,2006,2011,Niederlande,Rechtshänder,,Dirk van Duijvenbode,van Duijvenbode D.
04.01.1999,,,Niederlande,Rechtshänder,Winmau Phantom Grip Darts 24g,Mike van Duivenbode,van Duivenbode M.
07.08.1989,,,Niederlande,,,Sven van Dun,van Dun S.
24.11.1977,1995,2003,Gibraltar,Rechtshänder,,Dylan Duo,Duo D.
17.01.2006,,,Gibraltar,Rechtshänder,,Dylan Duo Jnr,Duo Jnr D.
,,,Bahrain,Rechtshänder,,Duda Durra,Durra D.
24.11.1970,1985,2005,England,Rechtshänder,Target Duzza Durrant 24g,Glen Durrant,Durrant G.
12.04.1980,2000,,England,Rechtshänder,,Pete Dyos,Dyos P.
21.03.1983,2005,2018,England,Rechtshänder,23g One80,Gary Eastwood,Eastwood G.
08.01.1970,,,England,Rechtshänder,,Tony Eccles,Eccles T.
28.08.1986,2001,2011,England,Rechtshänder,Mission Darts Darts 23g,Matthew Edgar,Edgar M.
19.04.1983,2003,2014,England,Rechtshänder,Mission Darts 23g,Ritchie Edhouse,Edhouse R.
28.08.1987,2012,2017,Belgien,Rechtshänder,Cosmo Royden Lam 22g,Jeffrey van Egdom,van Egdom J.
,1994,,Island,Rechtshänder,Winmau Highlander 24g,Hallgrimur Egilsson,Egilsson H.
25.03.1981,,,Deutschland,Rechtshänder,,Matthias Ehlers,Ehlers M.
09.05.1989,,2015,Deutschland,Rechtshänder,Target Storm Black 23g,René Eidams,Eidams R.
12.09.1977,1993,,Niederlande,Rechtshänder,,Remco van Eijden,van Eijden R.
03.10.1983,,,Deutschland,Rechtshänder,,El Abbas El Amri,Abbas El Amri E.
15.07.1976,2003,,Schweden,Rechtshänder,,Johan Engström,Engström J.
18.07.1982,,,Deutschland,Rechtshänder,,Marcel Erba,Erba M.
,,,Philippinen,Rechtshänder,,RJ Escaros,Escaros R.
12.02.1973,,,Thailand,Rechtshänder,18g Hinotori Signature,Attapol Eupakaree,Eupakaree A.
09.11.1989,2002,2021,England,Rechtshänder,Unicorn 22g,David Evans,Evans D.
18.10.1988,2010,,England,Rechtshänder,Mission Darts 21g,Lee Evans,Evans L.
29.07.1990,2005,2013,England,Rechtshänder,,Ricky Evans,Evans R.
03.08.1997,2013,2016,England,Rechtshänder,Unicorn Ted Evetts 23g,Ted Evetts,Evetts T.
,,,Australien,Rechtshänder,,Jeremy Fagg,Fagg J.
26.03.1965,,,England,Rechtshänder,16g Target,Steve Farmer,Farmer S.
19.08.1988,,,Österreich,Linkshänder,24g,Benjamin Fasching,Fasching B.
21.06.1977,,,Schweiz,Rechtshänder,14g No Name,Alex Fehlmann,Fehlmann A.
05.11.1969,1990,,Serbien,Rechtshänder,20g,Oliver Ferenc,Ferenc O.
,,,Wales,,,Sean Fisher,Fisher S.
05.05.1962,1978,2002,Engand,Rechtshänder,Target Darryl Fitton Silica 24g,Darryl Fitton,Fitton D.
08.08.1986,1999,,Guyana,Linkshänder,Target 22g,Sudesh Fitzgerald,Fitzgerald S.
,1990,,Engländer,,,Andy Fordham,Fordham A.
10.06.1992,2010,,Irland,,,Michael Flynn,Flynn M.
,,,Gibraltar,Rechtshänder,,David Francis,Francis D.
21.10.1981,,,Deutschland,Rechtshänder,,Rupert Frauendienst,Frauendienst R.
05.04.1993,,,Deutschland,Rechtshänder,,Thomas Fraundorfer,Fraundorfer T.
23.10.1971,1987,,England,,,Mark Frost,Frost M.
06.06.1969,1990,2005,England,Rechtshänder,,Nick Fullwell,Fullwell N.
11.08.1984,2013,,Italien,Rechtshänder,Signature Darts,Michel Furlani,Furlani M.
13.05.1991,,,Südafrika,Rechtshänder,22g Target,Carl Gabriel,Gabriel C.
12.07.1996,2012,,Irland,Rechtshänder,21g,Liam Gallagher,Gallagher L.
23.04.2002,,,Gibraltar,Rechtshänder,Shot 23g,Craig Galliano,Galliano C.
12.08.1982,2008,,England,Rechtshänder,25g,Kevin Garcia,Garcia K.
,2013,,Neuseeland,Rechtshänder,,Landon Gardiner,Gardiner L.
26.11.1970,2007,,USA,Rechtshänder,Winmau 20g,Leonard Gates,Gates L.
06.05.1967,,,Thailand,Rechtshänder,,Thanawat Gaweenuntawong,Gaweenuntawong T.
18.02.2002,2019,2022,Tschechien,Rechtshänder,,Adam Gawlas,Gawlas A.
08.10.1978,,2024,Niederlande,Rechtshänder,,Patrick Geeraets,Geeraets P.
02.12.1978,1996,,Niederlande,Rechtshänder,23g Grand Slam Triple B,Jeroen Geerdink,Geerdink J.
20.01.2000,2009,,Südafrika,Rechtshänder,,Johan Geldenhuys,Geldenhuys J.
16.12.1945,,,England,Rechtshänder,Winmau 23g Bobby George,Bobby George,George B.
18.12.1989,,,England,Rechtshänder,23g Signature RedDragon,Richie George,George R.
22.12.1998,,,Deutschland,Rechtshänder,DiD Marcel Gerdon V1 Steeldarts,Marcel Gerdon,Gerdon M.
25.04.1989,2002,2005,Niederlande,Rechtshänder,,Michael van Gerwen,van Gerwen M.
25.12.1997,,,Niederlande,Rechtshänder,,Sybren Gijbels,Gijbels S.
07.12.1970,2010,2012,England,Rechtshänder,Cosmo Darts 25g,Andrew Gilding,Gilding A.
08.12.1983,2004,,Wales,Linkshänder,Quantum Signature 24g,Mike Gillet,Gillet M.
01.04.1983,2016,,Nordirland,Rechtshänder,,Chris Gilliland,Gilliland C.
11.10.1995,2011,,Indien,Rechtshänder,24g Unicorn,Amit Gilitwala,Gilitwala A.
06.11.2002,2010,,Schottland,Rechtshänder,Target 22g,Nathan Girvan,Girvan N.
,,,England,,,Alan Glazier,Glazier A.
17.03.1980,,,Österreich,Rechtshänder,,Christian Gödl,Gödl C.
22.03.1996,,,Wales,Linkshänder,,Callum Goffin,Goffin C.
19.01.1985,2012,2018,Schottland,Rechtshänder,,John Goldie,Goldie J.
,2013,,Portugal,Rechtshänder,,David Gomes,Gomes D.
16.09.1977,2015,,Russland,Rechtshänder,19g Harrows Assassin,Dmitriy Gorbunov ,Gorbunov D.
23.03.1995,,,Österreich,Rechtshänder,,Patrik Gosnak,Gosnak P.
07.09.1996,2014,2017,Japan,Rechtshänder,,Tomoya Goto,Goto T.
13.07.1995,,2025,Deutschland,Rechtshänder,Evo 21g,Kai Gotthardt,Gotthardt K.
12.03.2004,2023,,Deutschland,Rechtshänder,,Paul Goyer,Goyer P.
21.11.1990,2006,2010,,Rechtshänder,Target Jeffrey de Graaf 23g,Jeffrey de Graaf,de Graaf J.
04.09.1994,,,Kroatien,Rechtshänder,,Romeo Grbavac,Grbavac R.
23.08.1977,,,Wales,Rechtshänder,,Mark Graham,Graham M.
28.02.1981,1999,2019,England,Rechtshänder,Target Adrian Gray 21g,Adrian Gray,Gray A.
,,,England,,,Shaun Greatbatch,Greatbatch S.
,1997,2007,Niederlande,Rechtshänder,24g,Toon Greebe,Greebe T.
19.07.1974,1991,,Engländer,,,Robbie Green,Green R.
,,,England,Rechtshänder,22g,Mike Gregory,Gregory M.
31.01.1994,,,Niederlande,Rechtshänder,,Roy van de Griendt,van de Griendt R.
18.01.1997,,,Wales,Rechtshänder,Mission Darts,Rhys Griffin,Griffin R.
24.11.1991,,,England,,,Shaun Griffiths,Griffiths S.
30.05.1995,2010,2017,Niederlande,Rechtshänder,,Sven Groen,Groen S.
15.06.2002,2014,,Deutschland,Rechtshänder,,Mika Große-Stoltenberg,Große-Stoltenberg M.
27.03.2002,,,Deutschland,Rechtshänder,22g,Dominik Grüllich,Grüllich D.
29.07.1977,,,England,Rechtshänder,Datadart,Robert Grundy,Grundy R.
03.10.1997,2009,,Österreich,Rechtshänder,Custom Made 25g,Fredi Gsellmann,Gsellmann F.
,,,Island,Linkshänder,,Petur Rudrik Gudmundsson,Rudrik Gudmundsson P.
22.03.1986,1996,2013,Nordirland,Rechtshänder,Red Dragon Daryl Gurney 24g,Daryl Gurney,Gurney D.
10.06.2001,2015,,England,Rechtshänder,,Lewis Gurney,Gurney L.
20.02.2002,,,Deutschland,Rechtshänder,,Mitja Gustorf,Gustorf M.
11.05.1987,2007,2013-2014,Finnland,Rechtshänder,24g Unicorn,Jani Haavisto,Haavisto J.
31.10.1996,,,Österreich,Rechtshänder,,Dominik Haberl,Haberl D.
11.04.2000,2009,,Deutschland,Rechtshänder,Elimate Darts,Philipp Hagemann,Hagemann P.
,,,England,,,Steve Haggerty,Haggerty S.
,,,Österreich,Rechtshänder,,Marcus Haider,Haider M.
19.07.1964,1983,,England,Rechtshänder,One80 Signature 16g,Johnny Haines,Haines J.
1972,1995,,Bahrain,Rechtshänder,,Hasan Haji,Haji H.
09.09.1989,2013,,England,Rechtshänder,Mission Darts,Graham Hall,Hall G.
16.03.1967,1981,,England,,,Andy Hamilton,Hamilton A.
05.11.1987,2017,,England,Rechtshänder,,Carl Hamilton,Hamilton C.
19.03.1990,2009,,England,Rechtshänder,,Curtis Hammond,Hammond C.
,2004,,China,Rechtshänder,One80 Signature 23g,Xicheng Han,Han X.
15.12.1994,2017,,Deutschland,Rechtshänder,Krauspe Darts,Christopher Hänsch,Hänsch C.
07.07.1979,,,Kanada,Rechtshänder,,Rory Hansen,Hansen R.
30.11.1991,2003,,Deutschland,Rechtshänder,Raymond van Barneveld 25g,Marcel Hausotter,Hausotter M.
20.02.1968,1977,1998,England,Rechtshänder,Red Dragon 14g,Ted Hankey,Hankey T.
22.10.1965,1997,,Dänemark,Linkshänder,21g,Niels-Jørgen Hansen,Hansen N.
15.06.1961,1986,,Schottland,Rechtshänder,Tommy Darts 26g,Paul Hanvidge,Hanvidge P.
28.06.1961,1979,,England,Rechtshänder,Unicorn 20g,Dennis Harbour,Harbour D.
,2007,,Finnland,Rechtshänder,,Teemu Harju,Harju T.
11.06.1984,2003,2008,Niederlande,Rechtshänder,,Wesley Harms,Harms W.
09.10.1953,1993,,Neuseeland,Rechtshänder,22g Target,Dave Harrington,Harrington D.
30.12.1957,,,England,Rechtshänder,,Rod Harrington,Harrington R.
19.08.1990,2008,2011,England,Rechtshänder,,Ryan Harrington,Harrington R.
11.11.1977,1994,,Wales,Rechtshänder,24g Harrows Signature,Chris Harris,Harris C.
10.10.1985,1994,2017,Neuseeland,Rechtshänder,21g Shot Signature,Cody Harris,Harris C.
03.06.1975,2013,2019,Schweden,Rechtshänder,Winmau 21g,Andreas Harrysson,Harrysson A.
09.09.1991,2003,,Deutschland,Rechtshänder,,Mick Hasse,Hasse M.
30.11.1991,2003,,Deutschland,Rechtshänder,Raymond van Barneveld 25g,Marcel Hausotter,Hausotter M.
29.12.1964,2011,,Finnland,Rechtshänder,,Teuvo Haverinen,Haverinen T.
08.10.1994,,,England,Linkshänder,,Rhys Hayden,Hayden R.
22.05.1990,2013,,England,Rechtshänder,25g Cuesoul,Ben Hazel,Hazel B.
14.06.1993,2010,,England,Rechtshänder,23g,Sam Head,Head S.
09.12.1974,2014,2021,England,Rechtshänder,,Jason Heaver,Heaver J.
05.10.1955,,,Deutschland,,,Bernd Hebecker,Hebecker B.
04.09.1969,2009,,Dänemark,Rechtshänder,,Niels Heinsøe,Heinsøe N.
28.01.1977,,,Deutschland,Rechtshänder,,Simeon Heinz,Heinz S.
,,,Norwegen,Rechtshänder,,Hakon Bjorge Helling,Bjorge Helling H.
10.04.1990,2017,2021,Deutschland,Rechtshänder,Winmau 24g,Florian Hempel,Hempel F.
04.05.1973,2002,,Schottland,,Red Dragon 24g,John Henderson,Henderson J.
04.01.1974,,,Belgien,Rechtshänder,Winmau 21g,Stefaan Henderyck,Henderyck S.
25.10.1988,1998,2012,Niederlande,Rechtshänder,,Jerry Hendriks,Hendriks J.
19.03.1994,2000,2010,Niederlande,Rechtshänder,One80 22g,Jimmy Hendriks,Hendriks J.
29.09.1998,,,Irland,Rechtshänder,Gary Anderson 21g,Conor Heneghan,Heneghan C.
04.10.1991,2009,,Neuseeland,Rechtshänder,24g Red Dragon,Darren Herewini,Herewini D.
10.04.2003,,,Niederlande,Rechtshänder,21g,Jamai van den Herik,van den Herik J.
01.01.1984,,,Schweiz,Rechtshänder,Handmade 18g,Roger Hertig,Hertig R.
07.01.1994,2014,,Deutschland,Rechtshänder,,Fabian Herz,Herz F.
04.04.2000,2014,,Deutschland,Rechtshänder,,Sven Hesse,Hesse S.
10.08.1987,2007,2020,Australien,Rechtshänder,Harrows 23g,Damon Heta,Heta D.
02.04.2002,,,Gibraltar,Rechtshänder,Shot,Justin Hewitt,Hewitt J.
07.06.1993,,,England,Rechtshänder,,Sam Hewson,Hewson S.
22.07.1970,1984,2010,England,Rechtshänder,A180,Nigel Heydon,Heydon N.
,,,Japan,Rechtshänder,,Yuya Higuchi,Higuchi Y.
03.11.1995,,,Deutschland,Rechtshänder,,Moritz Hilger,Hilger M.
25.03.1973,2017,,Deutschland,Rechtshänder,,Sven Hilling,Hilling S.
20.04.1969,1986,2004,England,Rechtshänder,Loxley Darts 23g,Steve Hine,Hine S.
24.03.1977,,,Tschechien,Rechtshänder,,Jan Hlavacek,Hlavacek J.
02.04.1981,1998,,Deutschland,Linkshänder,Didier Krampfl Handmade Darts - Tobias Höntsch,Tobias Höntsch,Höntsch T.
19.06.2007,,,Deutschland,Rechtshänder,,Yorick Hofkens,Hofkens Y.
21.04.1977,1996,2001-2015,Niederlande,Rechtshänder,23g John Part,Rick Hofstra,Hofstra R.
30.08.1963,1989,1995,England,Rechtshänder,Elvendarts 24g,Paul Hogan,Hogan P.
25.01.1992,2011,2018,Schottland,Rechtshänder,,Ryan Hogarth,Hogarth R.
28.05.1982,2002,2013-2015,Schottland,Rechtshänder,18g,Jason Hogg,Hogg J.
13.09.1985,2015,,Niederlande,Rechtshänder,16g,Erik Hol,Hol E.
13.06.1998,,,England,Rechtshänder,,Christopher Holt,Holt C.
,,,Deutschland,Rechtshänder,,Ole Holtkamp,Holtkamp O.
10.04.1975,,,Deutschland,Rechtshänder,,Mike Holz,Holz M.
24.08.1976,2004,,Hong Kong,Rechtshänder,21g,Alex Hon,Hon A.
29.04.1993,2008,2025,England,Linkshänder,Target 23g,Justin Hood,Hood J.
29.08.1988,,,Niederlande,Rechtshänder,Adrian Lewis Darts,Bryan de Hoog,de Hoog B.
20.08.1996,2007,2012,Deutschland,Rechtshänder,,Max Hopp,Hopp M.
10.01.2001,2011,,Deutschland,Rechtshänder,Evo 26g,Nicolas Horn,Horn N.
08.04.1975,,1997,Niederlande,Rechtshänder,Grand Slam Signature,Michel van der Horst,van der Horst M.
08.01.1976,1999,,Deutschland,Rechtshänder,,Dragutin Horvat,Horvat D.
19.12.1965,1995,,England,Rechtshänder,Target 25g,Richie Howson,Howson R.
24.07.1992,2005,2011,England,Rechtshänder,Harrows 22g,James Hubbard,Hubbard J.
03.07.1990,2010,2015,England,Rechtshänder,24g,Adam Huckvale,Huckvale A.
20.04.1984,2004,2010,England,Rechtshänder,25g Target,Peter Hudson,Hudson P.
27.02.1986,1996,2007,England,Rechtshänder,,Jamie Hughes,Hughes J.
12.12.1962,1988,,Wales,Rechtshänder,,Robert Hughes,Hughes R.
11.02.1995,2011,2018,England,Rechtshänder,Red Dragon Signature 22g,Luke Humphries,Humphries L.
,,,Tschechien,Rechtshänder,,Frantisek Humpula,Humpula F.
21.08.1993,2009,2012,England,Rechtshänder,Unicorn 22g,Adam Hunt,Hunt A.
01.11.1971,,,Wales,Rechtshänder,,Mike Huntley,Huntley M.
07.07.1984,2010,,England,Rechtshänder,Mission Darts,James Hurrell,Hurrell J.
16.09.1984,2013,,Neuseeland,Rechtshänder,Shot 22g,John Hurring,Hurring J.
24.04.1979,1996,,Deutschland,Rechtshänder,Elimate Darts 22g,Michael Hurtz,Hurtz M.
16.11.1985,1996,2011,Belgien,Rechtshänder,,Kim Huybrechts,Huybrechts K.
20.07.1965,1989,2013,Belgien,Rechtshänder,Unicorn Contender 22g,Ronny Huybrechts,Huybrechts R.
30.05.1966,1980er,2010,England,Linkshänder,,Mark Hylton,Hylton M.
11.02.1978,1993,,Philippinen,Rechtshänder,,Lourence Ilagan,Ilagan L.
10.03.1981,,,Deutschland,Rechtshänder,,Lutz Ilzhöfer,Ilzhöfer L.
22.09.1974,2009,,Russland,Rechtshänder,16g,Evgeniy Izotov,Izotov E.
24.03.1984,2007,,England,Rechtshänder,Target 24g,Matt Jackson,Jackson M.
29.03.1973,,,England,Rechtshänder,Cosmo Darts,Peter Jacques,Jacques P.
,,,Ungarn,Rechtshänder,,Gábor Jagicza,Jagicza G.
15.05.2002,2018,2022,Niederlande,Rechtshänder,,Danny Jansen,Jansen D.
21.04.1977,1997,,Belgien,Rechtshänder,,Roger Janssen,Janssen R.
11.03.1971,1980er,,England,,Dynamic Series Andy Jenkins 19g,Andy Jenkins,Jenkins A.
26.09.1963,1977,2003,England,Rechtshänder,Unicorn 21g,Terry Jenkins,Jenkins T.
,2012,,Dänemark,Linkshänder,,Alex Jensen,Jensen A.
20.11.1993,2017,,Deutschland,Rechtshänder,18g,Christian Jentschke,Jentschke C.
11.07.,,,Portugal,Rechtshänder,,Vítor Jerónimo,Jerónimo V.
31.07.1998,,,Deutschland,Rechtshänder,,David Jeske,Jeske D.
21.05.1970,1990,2011,England,Rechtshänder,Showtime Own Brand 22g,Prakash Jiwa,Jiwa P.
13.08.2003,2015,,Deutschland,Rechtshänder,Elimate Darts 19g,Maximilian Johansen,Johansen M.
18.09.1966,2004,2011-2019,England,Rechtshänder,Showtime 23g,Darren Johnson,Johnson D.
,,,Australien,Rechtshänder,,Howard Jones,Jones H.
02.07.1961,,,England,Rechtshänder,,Ian Jones,Jones I.
30.12.1993,,2021,England,Rechtshänder,,Jake Jones,Jones J.
21.04.1970,2000,,England,Rechtshänder,26g Cooper Tungsten,Mark Jones,Jones M.
24.04.1965,1983,2002,England,Rechtshänder,A180 20g,Wayne Jones,Jones W.
20.09.1985,2004,2013,England,Rechtshänder,Bit of Bully Signature 21g,Ryan Joyce,Joyce R.
22.01.1977,1995,,Deutschland,Rechtshänder,Mission Darts 23g,Thomas Junghans,Junghans T.
31.03.1969,,,Rumänien,Rechtshänder,,Laszlo Kadar,Kadar L.
31.12.1985,2008,,Russland,Rechtshänder,,Aleksei Kadochnikov,Kadochnikov A.
13.06.1982,1998,2016,Österreich,Rechtshänder,Evolution 21g,Christian Kallinger,Kallinger C.
22.10.1991,2011,,Niederlande,Rechtshänder,MasterDarts 22g,Dennie Olde Kalter,Olde Kalter D.
07.05.1980,2010,2016,Niederlande,Rechtshänder,Target Darts,Vincent Kamphuis,Kamphuis V.
17.05.1984,2015,2019,Polen,Rechtshänder,,Tytus Kanik,Kanik T.
24.08.1968,1989,,Finnland,,,Marko Kantele,Kantele M.
,,,England,Rechtshänder,,Andrew Kateley,Kateley A.
,2017,,England,Rechtshänder,,Keelan Kay,Kay K.
11.06.1980,,,Polen,Rechtshänder,,Krzysztof Kciuk,Kciuk K.
12.08.1981,,2007,England,Rechtshänder,Stuart Kellett Red Dragon Signature 23g,Stuart Kellett,Kellett S.
09.07.1994,2007,,Australien,Rechtshänder,Puma Darts Russell Stewart Legend 23g,Harley Kemp,Kemp H.
13.03.1993,2012,2020,Wales,Rechtshänder,RedDragon 21g,Nick Kenny,Kenny N.
06.09.1985,,,Deutschland,Rechtshänder,,Markus Keßler,Keßler M.
23.05.1996,2012,2018,England,Rechtshänder,,George Killington,Killington G.
15.03.1966,1979,,England,,Winmau Mervyn King 22g,Mervyn King,King M.
29.10.1993,2010,,Australien,Rechtshänder,Puma Darts Legend 25g,Robbie King,King R.
,,,Deutschland,Rechtshänder,,Marcus Kirchmann,Kirchmann M.
27.08.1969,1989,,USA,Rechtshänder,20g One80 Signature,Scott Kirchner,Kirchner S.
03.03.1992,2008,2017,England,Rechtshänder,Unicorn 23g,Aden Kirk,Kirk A.
31.05.1994,2015,,England,Rechtshänder,Harrows Gyro,Bradley Kirk,Kirk B.
1972,2016,,Schottland,Rechtshänder,XQ Max Velocity 24g,David Kirwan,Kirwan D.
21.04.1986,2009,2014,Niederlande,Rechtshänder,Loxley Darts 24g,Christian Kist,Kist C.
17.10.1984,2003,2006,Niederlande,Rechtshänder,One80 22g,Jelle Klaasen,Klaasen J.
19.02.1991,2009,2018,Niederlande,Rechtshänder,,Martijn Kleermaker,Kleermaker M.
,,,Australien,Rechtshänder,,Brody Klinge,Klinge B.
05.09.1987,2016,,Deutschland,Rechtshänder,Target Dimitri van den Bergh One 23g,Patrick Klingelhöfer,Klingelhöfer P.
30.10.1979,,,Deutschland,Rechtshänder,20g,Daniel Klose,Klose D.
20.08.,,,Deutschland,Rechtshänder,,Michael Klönhammer,Klönhammer M.
28.10.1991,,,Deuschland,Rechtshänder,Evolution,Jens Kniest,Kniest J.
14.10.1996,2002,,Deutschland,Rechtshänder,Kevin Knopf EVO 24g,Kevin Knopf,Knopf K.
29.11.1982,,,Belgien,Rechtshänder,,Robbie Knops,Knops R.
22.02.1977,1990,,Deutschland,,,Karsten Koch,Koch K.
16.03.1999,2019,,Deutschland,Rechtshänder,Datadart Marvin Koch 21g,Marvin Koch,Koch M.
30.07.1972,,,Deutschland,Rechtshänder,Evo,Thomas Köhnlein,Köhnlein T.
07.06.1976,1996,,Neuseeland,Rechtshänder,Loxley Darts 23g,Koha Kokiri,Kokiri K.
28.11.2003,2014,,Deutschland,Rechtshänder,One 80 Rectifier,Ron Leon Kolberg,Leon Kolberg R.
10.09.1988,2012,2021,Russland,Rechtshänder,Shot,Boris Koltsov,Koltsov B.
13.03.1976,,,Finnland,Rechtshänder,,Jarkko Komula,Komula J.
28.07.1990,,,Niederlande,Rechtshänder,23g,Arjan Konterman,Konterman A.
,2011,,Ungarn,Rechtshänder,,Patrik Kovacs,Kovacs P.
06.05.2000,,,Deutschland,Rechtshänder,,Marvin Kraft,Kraft M.
13.09.1979,1999,2008,Kroatien,Rechtshänder,16g,Boris Krcmar,Krcmar B.
27.12.2000,2022,,Deutschland,Rechtshänder,,Paul Krohne,Krohne P.
,2009,,Polen,Rechtshänder,,Jacek Krupka,Krupka J.
25.09.1988,2016,2019,Niederlande,Rechtshänder,,Maik Kuivenhoven,Kuivenhoven M.
14.11.1985,,,Indien,Rechtshänder,Winmau 23g,Nitin Kumar,Kumar N.
11.01.1969,2008,,Deutschland,Rechtshänder,,Frank Kunze,Kunze F.
31.01.1997,2014,,Deutschland,Rechtshänder,EVO Handmade Darts 20g,Nico Kurz,Kurz N.
26.07.1976,2019,2006,Litauen,Rechtshänder,Cosmo Darts Signature 24g,Darius Labanauskas,Labanauskas D.
,2010,,Frankreich,Rechtshänder,Cosmo Darts 23g,Jacques Labre,Labre J.
,1991,,Neuseeland,Rechtshänder,,Mick Lacey,Lacey M.
05.04.2001,2017,,Ungarn,Rechtshänder,,Gergely Lakatos,Lakatos G.
08.09.1975,2003,2013,Hongkong,Rechtshänder,Cosmo Darts 22g,Ting Chi Royden Lam,Chi Royden Lam T.
17.01.1981,,2016,Niederlande,Rechtshänder,,Chris Landman,Landman C.
05.08.1992,2010,,England,Rechtshänder,,Harry Lane,Lane H.
11.03.1972,2004,,,Rechtshänder,,Maik Langendorf,Langendorf M.
27.04.2001,2015,,Österreich,Rechtshänder,,Thomas Langer,Langer T.
23.12.2004,,,England,Rechtshänder,Gary Anderson Phase 1 26g,Charlie Large,Large C.
09.06.1981,1995,2004,Schweden,Rechtshänder,Shot 24g,Daniel Larsson,Larsson D.
11.12.1992,2010,,USA,Linkshänder,Target Darts,Danny Lauby Jnr.,Lauby Jnr. D.
09.05.2007,2015,,Lettland,Rechtshänder,,Ralfs Laumanis,Laumanis R.
,,,Finnland,Rechtshänder,,Jani Laurila,Laurila J.
16.04.1966,1986,2000,Dänemark,Rechtshänder,,Per Laursen,Laursen P.
16.10.1957,2000,,Wales,Rechtshänder,24g,Mark Layton,Layton M.
16.03.1952,1973,1975-2007,England,Rechtshänder,20g Golden Unicorn,Cliff Lazarenko,Lazarenko C.
14.02.2001,,,Hongkong,Rechtshänder,,Lok Yin Lee,Yin Lee L.
15.09.1984,1997,2020,Österreich,Rechtshänder,Shot 16g,Harald Leitinger,Leitinger H.
18.05.1982,,,Schweden,Rechtshänder,,Björn Lejon,Lejon B.
25.11.1993,2011,2017,Irland,Rechtshänder,,Steve Lennon,Lennon S.
30.05.1972,,2014,Österreich,Rechtshänder,DPuls Darts,Zoran Lerchbacher,Lerchbacher Z.
11.09.1983,2008,,Hongkong,Linkshänder,22g,Kai Fan Leung,Fan Leung K.
2000,,,Hongkong,Rechtshänder,,Man Lok Leung,Lok Leung M.
21.01.1985,1995,2004,England,Rechtshänder,Target Adrian Lewis Gen 2 23g,Adrian Lewis,Lewis A.
08.11.1991,1999,2011,Wales,Rechtshänder,Red Dragon 23g,Jamie Lewis,Lewis J.
,,,China,Rechtshänder,,Weihong Li,Li W.
01.07.1976,2018,,Taiwan,Rechtshänder,Cosmo Darts,Pupo Teng Lieh,Teng Lieh P.
11.04.1970,1984,,Singapur,Linkshänder,Target Darts,Harith Lim,Lim H.
25.01.1954,1981,,,,,Paul Lim,Lim P.
21.12.1977,1997,,Dänemark,Rechtshänder,22g,Dennis Lindskjold,Lindskjold D.
30.05.1992,2012,2025,England,Rechtshänder,Target 25g,Adam Lipscombe,Lipscombe A.
,,,Deutschland,Rechtshänder,,Luis Liptow,Liptow L.
21.01.2007,2008,2024,England,Rechtshänder,Target,Luke Littler,Littler L.
20.12.1972,,,China,Linkshänder,Cuesoul 21g,Chengan Liu,Liu C.
21.04.1982,,,China,Rechtshänder,,Yuanjun Liu,Liu Y.
,2017,,China,Rechtshänder,,Wenqing Liu,Liu W.
17.12.1985,,,Kroatien,Linkshänder,21g,Alan Ljubić,Ljubić A.
02.05.1978,2001,,Kroatien,Rechtshänder,DiD Pero Ljubic V1 Steeldarts 21 Gramm und Softdarts 17 Gramm,Pero Ljubić,Ljubić P.
,,,Australien,Rechtshänder,,Brenton Lloyd,Lloyd B.
07.08.1973,,,England,Rechtshänder,Red Dragon 18g,Colin Lloyd,Lloyd C.
20.03.1975,2010,,Dänemark,Rechtshänder,21g,Brian Løkken,Løkken B.
28.05.1968,,,Kanada,Rechtshänder,Winmau Stratos 24g,Jim Long,Long J.
08.11.1996,2013,,England,Rechtshänder,,Tom Lonsdale,Lonsdale T.
14.02.1987,2012,,Gibraltar,Rechtshänder,Dynasty 25g Hot Fuzz,Antony Lopez,Lopez A.
18.03.1969,,,Südafrika,Rechtshänder,,Charles Losper,Losper C.
,,,Australien,Rechtshänder,,Donovan Lottering,Lottering D.
16.02.1968,1992,2021,England,Rechtshänder,,Eddie Lovely,Lovely E.
28.06.1996,2019,,England,Rechtshänder,Unicorn 23g,Thomas Lovely,Lovely T.
30.10.1972,1991,2020,England,Rechtshänder,Red Dragon 26g,Jason Lowe,Lowe J.
21.07.1945,,,England,Rechtshänder,Unicorn World Champion Golden John 21g,John Lowe,Lowe J.
,2009,,China,Rechtshänder,,Jianfeng Lu,Lu J.
21.03.1997,,,Taiwan,Rechtshänder,,An Sheng Lu,Sheng Lu A.
28.11.1989,,,Deutschland,Rechtshänder,,Ole Luckow,Luckow O.
27.10.1991,1995,,Schweden,Rechtshänder,Mission Darts,Oskar Lukasiak,Lukasiak O.
28.10.1978,2010,,USA,Linkshänder,,Kevin Luke,Luke K.
26.03.1985,2011,2021,England,Rechtshänder,Mission Darts 24g,Martin Lukeman,Lukeman M.
18.03.1987,2007,2016,England,Rechtshänder,23g,Barry Lynn,Lynn B.
17.12.1974,,,England,Rechtshänder,,Patrick Lynskey,Lynskey P.
30.08.1973,2005,,Australien,Rechtshänder,,Peter Machin,Machin P.
21.02.1972,1996,2010-2017,Hong Kong,Rechtshänder,22g DMC Signature,Scott MacKenzie,MacKenzie S.
10.05.1992,,,Kanada,Rechtshänder,Raymond van Barneveld 22g,Jake Macmillan,Macmillan J.
09.04.1964,1992,,Guyana,Rechtshänder,Bottelsen 23g,Norman Madhoo,Madhoo N.
29.07.2004,2019,,Deutschland,Rechtshänder,,Liam Maendl-Lawrance,Maendl-Lawrance L.
28.07.1990,,,Ungarn,Rechtshänder,,Nándor Major,Major N.
10.06.1941,,,Nordirland,Rechtshänder,Hi-Tec Multi Ring 22g,John MaGowan,MaGowan J.
03.02.1974,,,Deutschland,Rechtshänder,,Marcus Maier,Maier M.
10.10.1996,,,England,Rechtshänder,,Jack Main,Main J.
22.11.1963,,,England,Rechtshänder,21g Target Pure,Steve Maish,Maish S.
04.11.2001,2011,,England,Linkshänder,Shot Darts Signature 25g,Jack Male,Male J.
10.01.1977,1999,,Philippinen,Rechtshänder,18g,Noel Malicdem,Malicdem N.
04.08.1975,,,Bahrain,Rechtshänder,Target 22g,Basem Mahmood,Mahmood B.
04.08.2005,,,England,Rechtshänder,,Charlie Manby,Manby C.
15.03.1988,,,Belgien,Rechtshänder,,Remo Mandiau,Mandiau R.
04.06.1989,2006,2009,Niederlande,Rechtshänder,,Willem Mandigers,Mandigers W.
04.01.1998,2008,,Österreich,Rechtshänder,,Nico Mandl,Mandl N.
07.03.1962,,,England,Rechtshänder,Winmau Tungsten 19g,Peter Manley,Manley P.
31.08.1973,1993,2010,Nordirland,Linkshänder,Cosmo Darts 22g,Michael Mansell,Mansell M.
10.05.1973,,,England,Rechtshänder,Target Wayne Hawaii 501 Mardle 24g,Wayne Mardle,Mardle W.
27.07.1966,1990,,Australien,Rechtshänder,Unicorn 23g,Dave Marland,Marland D.
23.03.1983,2017,,Portugal,Rechtshänder,,José Marques,Marques J.
18.06.2002,,,Australien,Rechtshänder,Mission Darts,Bailey Marsh,Marsh B.
04.08.1982,,,England,Rechtshänder,,Scott Marsh,Marsh S.
11.12.1969,,2022,,Rechtshänder,Masterdarts 23g,Tony Martinez,Martinez T.
04.03.1991,2012,,Tschechien,Rechtshänder,15g,Alexander Masek,Masek A.
23.01.1983,,,Deutschland,,,Mario Masurka,Masurka M.
29.09.1981,2012,,Australien,Rechtshänder,Shot Darts 20g,Gordon Mathers,Mathers G.
26.01.1972,,,Japan,Rechtshänder,Dynasty Jun Matsuda Signature Model,Jun Matsuda,Matsuda J.
17.05.1963,1989,1995,USA,Rechtshänder,,Gary Mawson,Mawson G.
23.08.1969,1988,,Niederlande,Rechtshänder,23g John Part,Edwin Max,Max E.
,2010,,Australien,Rechtshänder,,Brendon McCausland,McCausland B.
23.05.1985,2000,2004,Engand,Rechtshänder,DartsPower 24g,Kevin McDine,McDine K.
04.06.1985,2002,,Schottland,Rechtshänder,Mission Darts,Shaun McDonald,McDonald S.
,2013,,Schottland,Rechtshänder,,Jim McEwan,McEwan J.
22.07.1965,,,Nordirland,Rechtshänder,Unicorn 24g,Colin McGarry,McGarry C.
28.06.1972,,2010,England,Rechtshänder,Unicorn 23g,Mark McGeeney,McGeeney M.
01.02.1973,1980,2004,Irland,Rechtshänder,,Mick McGowan,McGowan M.
15.07.1968,,,Neuseeland,Rechtshänder,,Mark McGrath,McGrath M.
09.05.1995,,,Irland,Rechtshänder,Target Darts,Shane McGuirk,McGuirk S.
10.11.1986,2004,2017,Nordirland,Rechtshänder,,Kyle McKinstry,McKinstry K.
05.12.1989,2009,2012-2015,Irland,Rechtshänder,21g Tungsten,Michael Meaney,Meaney M.
18.04.1990,,,Italien,Rechtshänder,,Alessio Medaina,Medaina A.
09.09.1983,1993,,Niederlande,Rechtshänder,Custom,Matthew Medhurst,Medhurst M.
03.03.1998,,,England,Rechtshänder,,Liam Meek,Meek L.
11.05.1980,2006,2019,Niederlande,Rechtshänder,,Vincent van der Meer,van der Meer V.
31.01.1988,2009,2016,Niederlande,Rechtshänder,,Yordi Meeuwisse,Meeuwisse Y.
13.08.1996,2015,2016,England,Linkshänder,Red Dragon 22g,Ryan Meikle,Meikle R.
25.01.1985,,,Lettland,Rechtshänder,Target 22g,Valters Melderis,Melderis V.
27.06.1989,2006,2018,Schottland,Rechtshänder,Unicorn 24g,Cameron Menzies,Menzies C.
30.09.1992,,,Deutschland,Rechtshänder,,Arno Merk,Merk A.
20.03.1994,2003,,Niederlande,Rechtshänder,22g,Alexander Merkx,Merkx A.
,,,Ungarn,Rechtshänder,,Zoltán Mester,Mester Z.
05.11.1988,2001,2014,Niederlande,Linkshänder,Boxers 22g,Ron Meulenkamp,Meulenkamp R.
20.03.1974,1989,2015,Griechenland,Rechtshänder,One80 re-deadly 23g,John Michael,Michael J.
09.04.1981,2018,,Italien,Linkshänder,,Andrea Micheletti,Micheletti A.
23.10.1984,,,Niederlande,Rechtshänder,,Mareno Michels,Michels M.
09.08.1981,2008,,USA,Rechtshänder,Monster Elliot Milk 22g,Elliot Milk,Milk E.
23.05.2000,,,Neuseeland,Rechtshänder,Shot 23g,Kayden Milne,Milne K.
23.07.1997,,,Niederlande,Rechtshänder,,Jeroen Mioch,Mioch J.
05.06.1970,1986,,England,,Cosmo Darts 25g,Scott Mitchell,Mitchell S.
13.05.1972,1992,,Australien,Rechtshänder,Unicorn 23g,Rob Modra,Modra R.
08.01.1961,1985,,Brunei,Rechtshänder,24g Winmau,Pengiran Mohamed,Mohamed P.
26.05.1998,,2022,Niederlande,Rechtshänder,Target Storm 23g,Damian Mol,Mol D.
15.04.1990,2006,2011,England,Rechtshänder,Red Dragon,Arron Monk,Monk A.
29.09.1967,1985,2000-2011,England,Rechtshänder,Eigenmarke 23g,Colin Monk,Monk C.
16.10.1962,,2003,Schottland,Rechtshänder,Ross Montgomery Red Dragon 24g,Ross Montgomery,Montgomery R.
,2019,,Australien,Rechtshänder,One80 Signature Darts 21g,Aaron Morrison,Morrison A.
,,,Neuseeland,Rechtshänder,,Greg Moss,Moss G.
11.11.1999,2015,,England,Rechtshänder,Red Dragon 23g,Jim Moston,Moston J.
11.06.1990,2002,,Niederlande,Rechtshänder,,Pascal van Mourik,van Mourik P.
30.10.1994,2015,,Deutschland,Rechtshänder,Elimate Darts 23g,Justin Müller,Müller J.
,,,Deutschland,Rechtshänder,,Oliver Müller,Müller O.
27.07.1988,2001,,Deutschland,Linkshänder,,Kevin Münch,Münch K.
15.04.1977,2002,2010,Japan,Rechtshänder,Target 22g,Haruki Muramatsu,Muramatsu H.
28.09.1983,1993,2006,England,Rechtshänder,Mission Darts 24g,Joe Murnan,Murnan J.
11.08.1987,2010,2020,Schottland,Rechtshänder,Shot Darts 28g,Ryan Murray,Murray R.
23.11.1995,2011,2018,Kanada,Rechtshänder,Dawson Murschell Signature Barrel 22g,Dawson Murschell,Murschell D.
,,,Lettland,Rechtshänder,,Janis Mustafejevs,Mustafejevs J.
04.10.1979,,,Finnland,Rechtshänder,,Paavo Myller,Myller P.
12.05.2006,2015,,Deutschland,Rechtshänder,EVO German Eagle 21 Gramm,David Nachreiner,Nachreiner D.
17.08.1984,2004,,Hong Kong,Rechtshänder,26g Target,Leung Chen Nam,Chen Nam L.
20.06.1973,2014,,Schweden,Rechtshänder,,Ricky Nauman,Nauman R.
25.02.1958,1980,,Tschechien,Rechtshänder,Nodor 18g,Miloslav Navratil,Navratil M.
31.12.1994,2014,,Philippinen,Rechtshänder,Signature Darts 24g,Paolo Nebrida,Nebrida P.
17.06.2002,,,Gibraltar,Rechtshänder,,Sean Negrette,Negrette S.
04.09.1998,2013,,Niederlande,Linkshänder,,Geert Nentjes,Nentjes G.
05.04.1982,2009,2014,England,Rechtshänder,,Tony Newell,Newell T.
27.08.1977,1996,2004,England,Rechtshänder,Wes Newton Unicorn 22g,Wesley Newton,Newton W.
13.01.1995,2012,2015,Belgien,Rechtshänder,,Kenny Neyens,Neyens K.
10.05.1979,1990,,Australien,,,Paul Nicholson,Nicholson P.
10.04.1978,2019,,Dänemark,Rechtshänder,,Claus Bendix Nielsen,Bendix Nielsen C.
26.06.2000,2016,,Niederlande,Rechtshänder,Mission Darts 22g,Wessel Nijman,Nijman W.
06.06.1980,,,Deutschland,Rechtshänder,,Stefan Nilles,Nilles S.
21.03.1976,2006,,Schweden,Rechtshänder,,Dennis Nilsson,Nilsson D.
1994,,,Deutschland,Rechtshänder,,Maximilian Nirschl,Nirschl M.
,,,England,Rechtshänder,,Phill Nixon,Nixon P.
31.12.1990,2009,2012,Niederlande,Rechtshänder,Winmau Danny Noppert 23g,Danny Noppert,Noppert D.
15.06.1974,1994,,Kanada,Rechtshänder,24g,John Norman Jnr,Norman Jnr J.
21.02.1972,1981,2015,England,Rechtshänder,Target Alan Norris Darts Tungsten Darts 22g,Alan Norris,Norris A.
23.04.1990,,2017,England,Rechtshänder,Red Dragon 22g,Richard North,North R.
22.03.1990,,,Deutschland,Rechtshänder,Evo Darts 21g,Steven Noster,Noster S.
,,,Südafrika,Rechtshänder,,Liam O'Brien,O'Brien L.
18.10.1987,,,Deutschland,Rechtshänder,Evo Darts,Marco Obst,Obst M.
,,,Russland,Rechtshänder,,Roman Obukhov,Obukhov R.
10.06.2000,2018,,Schweden,Rechtshänder,,Anton Östlund,Östlund A.
28.09.1993,2000,2018,,Rechtshänder,Royal Darts Dandelion 22g,Baran Özdemir,Özdemir B.
15.07.1986,2005,2010,Irland,Rechtshänder,Winmau 23g,William O'Connor,O'Connor W.
22.06.1978,1997,,Australien,Rechtshänder,Mission 23g,Raymond O'Donnell,O'Donnell R.
,,,Island,Rechtshänder,,Arngrimur Olafsson,Olafsson A.
21.01.1965,,,Südafrika,Rechtshänder,25g Unicorn,Deon Oliver,Oliver D.
24.09.1975,2007,,Ukraine,Rechtshänder,Winmau 24g,Vladyslav Omelchenko,Omelchenko V.
17.12.1987,2010,,Japan,Rechtshänder,Target Keita Ono 20g,Keita Ono,Ono K.
15.07.1961,2010,,Russland,Linkshänder,Shot 18g,Alexandr Oreshkin,Oreshkin A.
19.06.1975,,,England,Rechtshänder,,Colin Osborne,Osborne C.
24.06.1975,1995,2019,Irland,Rechtshänder,Target 23g,John O'Shea,O'Shea J.
09.05.1961,1979,1995,England,Rechtshänder,Target 24g,Tony O'Shea,O'Shea T.
07.01.1957,,,England,Rechtshänder,,Denis Ovens,Ovens D.
23.09.1984,2003,2014,Wales,,,Robert Owen,Owen R.
08.03.1999,,,Finnland,Rechtshänder,22g Target,Aki Paavilainen,Paavilainen A.
27.03.1982,2006,2010,England,Linkshänder,John Lowe Hero 26g,Matt Padgett,Padgett M.
06.09.2011,2021,,Belgien,Rechtshänder,Mission Darts Signature 22g,Lex Paeshuyse,Paeshuyse L.
12.07.1967,,,England,,,Kevin Painter,Painter K.
08.02.1990,1998,2013,England,Rechtshänder,,David Pallett,Pallett D.
13.08.1987,2007,,England,Linkshänder,Harrows Gyro Knurled 28g,Ryan Palmer,Palmer R.
11.11.1985,2005,,Griechenland,Rechtshänder,22g,Kostas Pantelidis,Pantelidis K.
22.12.1982,,,Südkorea,Rechtshänder,Dynasty 21g,Hyun Chul Park,Chul Park H.
22.04.1983,2003,2017,England,Rechtshänder,Dave Parletti One80 24g,Dave Parletti,Parletti D.
07.08.1984,1991,2002,Gibraltar,Rechtshänder,Target Storm 24g,Dyson Parody,Parody D.
09.01.1964,1987,,Neuseeland,,,Warren Parry,Parry W.
15.05.1981,2001,,England,Rechtshänder,25g,Andy Parsons,Parsons A.
29.06.1966,1987,,Kanada,,Loxley Darts 23g,John Part,Part J.
18.01.1993,2003,2014,Niederlande,Rechtshänder,XQ-Max Benito van de Pas 23g,Benito van de Pas,van de Pas B.
,2014,,Rumänien,Rechtshänder,Gary Anderson 23g,Gabriel Pascaru,Pascaru G.
26.09.1990,,,Indien,Rechtshänder,,Bhav Patel,Patel B.
24.11.1999,2015,2025,England,Rechtshänder,Unicorn Signature 25g,Adam Paxton,Paxton A.
10.12.1993,,2012,England,Rechtshänder,RedDragon Josh Payne 22g,Josh Payne,Payne J.
23.08.1996,2009,2016,Niederlande,Rechtshänder,Monster Signature 22g,Berry van Peer,van Peer B.
01.04.1992,2015,,Niederlande,Rechtshänder,Dynasty 21g,Carlo van Peer,van Peer C.
23.08.1969,1990,,England,Rechtshänder,21g Unicon Bob Anderson,Darren Peetoom,Peetoom D.
09.05.1967,1989,,Österreich,Rechtshänder,,Anton Pein,Pein A.
,2022,,Ukraine,Rechtshänder,,Illia Pekaruk,Pekaruk I.
18.11.1972,2012,2020,England,Rechtshänder,18g,Darren Penhall,Penhall D.
17.01.1982,2000,,Philippinen,Rechtshänder,Gary Robson 18g,Christian Perez,Perez C.
07.09.2001,2014,,England,Rechtshänder,,Daniel Perry,Perry D.
09.10.1992,,2022,Niederlande,Rechtshänder,,Luc Peters,Peters L.
04.06.1986,2004,2008,Südafrika,Rechtshänder,Unicorn Contender Devon Petersen 22g,Devon Petersen,Petersen D.
03.09.1980,2010,,Italien,Rechtshänder,23g Customs,Daniele Petri,Petri D.
30.04.1960,1981,,Wales,Linkshänder,,Martin Phillips,Phillips M.
21.01.2005,,,Deutschland,Rechtshänder,,Oliver Pieper,Pieper O.
20.10.1994,2010,2022,Deutschland,Rechtshänder,Datadart Ricardo Pietreczko 23g,Ricardo Pietreczko,Pietreczko R.
30.06.1987,,,England,Rechtshänder,,Darryl Pilgrim,Pilgrim D.
09.11.1971,1978,2008,England,Rechtshänder,,Justin Pipe,Pipe J.
02.07.1997,2013,,Tschechien,Rechtshänder,,David Pisek,Pisek D.
04.03.1990,2013,,Niederlande,Rechtshänder,24g,Wesley Plaisier,Plaisier W.
,1986,,England,Rechtshänder,Harrows Fire 21g,David Platt,Platt D.
16.06.1984,2009,,Niederlande,Rechtshänder,,Michael Plooy,Plooy M.
27.01.1992,,,Deutschland,Rechtshänder,,Patrick Plötz,Plötz P.
08.01.1981,2008,,Tschechien,Rechtshänder,,Ondrej Plsek,Plsek O.
23.01.1969,1995,,Deutschland,Linkshänder,,Mike Poge,Poge M.
31.03.1995,2010,,Deutschland,Rechtshänder,,Sebastian Pohl,Pohl S.
12.06.1988,2004,,Brasilien,Rechtshänder,Diogo Portela Signature 25g,Diogo Portela,Portela D.
,,,Australien,Rechtshänder,,Danny Porter,Porter D.
31.03.1979,,,Slowenien,Rechtshänder,,Benjamin Pratnemer,Pratnemer B.
02.06.2007,,,Deutschland,Rechtshänder,,Florian Preis,Preis F.
11.03.1999,,,Ungarn,Rechtshänder,23g Target,Nandor Pres,Pres N.
25.02.1967,1989,2016,England,Rechtshänder,,Simon Preston,Preston S.
07.03.1985,2010,2014,Wales,Rechtshänder,Red Dragon 24g,Gerwyn Price,Price G.
19.07.1950,,,Engländer,Rechtshänder,Winmau 16g Dennis Priestley Signature,Dennis Priestley,Priestley D.
,,,Dänemark,Rechtshänder,,Henrik Primdal,Primdal H.
16.11.1968,1988,2018,England,Linkshänder,A180 Dave Prins,Dave Prins,Prins D.
,,,England,Rechtshänder,,Cliff Prior,Prior C.
15.09.1993,,,Niederlande,Rechtshänder,,Lorenzo Pronk,Pronk L.
02.05.1985,,,Niederlande,Rechtshänder,Loxley Darts 22g,Davy Proosten,Proosten D.
12.02.1985,2016,,Neuseeland,Rechtshänder,Shot 26g,Haupai Puha,Puha H.
20.09.1972,,,USA,Rechtshänder,,Chuck Puleo,Puleo C.
11.12.1971,1991,,Deutschland,Rechtshänder,,Marko Puls,Puls M.
26.08.1992,,,Australien,Rechtshänder,Cosmo 22g,Tim Pusey,Pusey T.
19.11.2007,,,Belgien,Rechtshänder,,Born van Put,van Put B.
31.03.1991,2003,2017,England,Linkshänder,Target Signature Chris Quantock,Chris Quantock,Quantock C.
13.08.2002,,,Deutschland,Rechtshänder,,Robin Radloff,Radloff R.
17.01.2000,2015,2019,Nordirland,Rechtshänder,Red Dragon Signature Nathan Rafferty,Nathan Rafferty,Rafferty N.
13.01.2001,2012,,Deutschland,Linkshänder,One80 Huntet Darts 24g,Aaron Rahlfs,Rahlfs A.
14.10.1996,2012,2022,Belgien,Rechtshänder,,Brian Raman,Raman B.
24.07.1975,,,England,Rechtshänder,23g Target Perfect Storm Darts,Scott Rand,Rand S.
16.04.1966,1996,,Brasilien,Rechtshänder,21g,Bruno Rangel,Rangel B.
09.06.1977,,,Italien,Rechtshänder,,Francesco Raschini,Raschini F.
05.01.1964,,,Niederlande,Linkshänder,23g,Jan van der Rassel,van der Rassel J.
16.02.1984,,2018,Österreich,Rechtshänder,,Michael Rasztovits,Rasztovits M.
01.01.1977,1997,2017,Polen,Rechtshänder,,Krzysztof Ratajski,Ratajski K.
05.01.1977,1999,,Deutschland,Rechtshänder,,Swen Rausch,Rausch S.
26.09.1988,1999,2012,Lettland,Rechtshänder,Madars Razma 25g,Madars Razma,Razma M.
10.07.1998,2009,,England,Rechtshänder,Winmau 25g,Dan Read,Read D.
,,,Wales,Rechtshänder,,Leighton Rees,Rees L.
,,,Schweiz,Rechtshänder,,Patrick Rey,Rey P.
30.07.1987,,2015,Spanien,Rechtshänder,,Cristo Reyes,Reyes C.
21.07.1992,,2015,Wales,Rechtshänder,RedDragon Dean Reynolds 22g,Dean Reynolds,Reynolds D.
21.10.1962,1980,,England,Rechtshänder,21g Unikat selbst-designed,Davy Richardson,Richardson D.
07.01.1974,2002,,England,Rechtshänder,Cuesoul Darts 25g,James Richardson,Richardson J.
16.01.1998,2012,,England,Rechtshänder,A180 Signature Darts,Joshua Richardson,Richardson J.
28.01.1995,,,Schottland,Rechtshänder,,Greg Ritchie,Ritchie G.
,,,Philippinen,Rechtshänder,,Reynaldo Rivera,Rivera R.
24.10.1988,2008,,Neuseeland,Rechtshänder,One80 25g,Ben Robb,Robb B.
23.08.1973,1994,,Niederlande,Rechtshänder,,Mario Robbe,Robbe M.
27.12.1969,1980,,England,Rechtshänder,Datadart 24g,Harry Robinson,Robinson H.
15.05.1992,2006,2019,England,Rechtshänder,,Reece Robinson,Robinson R.
19.06.1967,1976,,England,Rechtshänder,Gary Robson G Force 22g,Gary Robson,Robson G.
13.04.2001,,2022,Nordirland,Rechtshänder,Target,Josh Rock,Rock J.
28.01.1979,1995,,Spanien,,,Carlos Rodriguez,Rodriguez C.
27.07.1970,1994,,Deutschland,Rechtshänder,,José Louis Rodriguez,Louis Rodriguez J.
27.03.1994,2010,2014,Österreich,Rechtshänder,Shot Darts 26g,Rowby-John Rodriguez,Rodriguez R.
25.11.1991,1993,2015,Österreicher,Rechtshänder,,Roxy-James Rodriguez,Rodriguez R.
24.12.2000,2003,2017,Österreich,Rechtshänder,,Rusty-Jake Rodriguez,Rodriguez R.
23.10.2002,2010,2023,Niederlande,Rechtshänder,Unicorn,Owen Roelofs,Roelofs O.
17.09.2004,,,Niederlande,Rechtshänder,Red Dragon 25g,Bradly Roes,Roes B.
30.12.1959,,,Deutschland,Rechtshänder,21g Harrows Atlantis,Bernd Roith,Roith B.
,,,Italien,Rechtshänder,18g,Gabriel Rollo,Rollo G.
13.07.1966,1987,2007,Deutschland,Rechtshänder,Unicorn Global Michael Rosenauer 19g,Michael Rosenauer,Rosenauer M.
05.10.1970,2008,,Neuseeland,Rechtshänder,21g,Craig Ross,Ross C.
03.02.1995,,,Deutschland,Rechtshänder,,Franz Rötzsch,Rötzsch F.
,,,Wales,Rechtshänder,,Richard-Eirig Rowlands,Rowlands R.
03.06.1963,2003,2011,England,Rechtshänder,,Paul Rowley,Rowley P.
04.09.1974,,,England,Rechtshänder,Shot 22g,Alex Roy,Roy A.
,,,Schweiz,Rechtshänder,,Philipp Ruckstuhl,Ruckstuhl P.
18.12.1974,2007,,Ungarn,Rechtshänder,,József Rucska,Rucska J.
21.01.1983,1999,,Niederlande,Rechtshänder,John Part 25g,Niels de Ruiter,de Ruiter N.
31.07.1966,1988,,Spanien,Rechtshänder,,Francisco Ruiz,Ruiz F.
25.04.2000,2021,,Deutschland,Rechtshänder,,Pascal Rupprecht,Rupprecht P.
28.12.1966,,1994,Australien,Rechtshänder,21g Puma Signature,Loz Ryder,Ryder L.
03.07.1998,2013,2020,England,Rechtshänder,Unicorn 22g,Callan Rydz,Rydz C.
,,,Bahrain,Rechtshänder,,Abdulla Saeed,Saeed A.
27.05.1977,1990,,Schweden,Rechtshänder,24g Jim Pike,Peter Sajwani,Sajwani P.
26.01.1982,,,Südafrika,Rechtshänder,Shot Darts 22g,Grant Sampson,Sampson G.
20.01.1961,,,England,Linkshänder,,Lionel Sams,Sams L.
25.09.1963,1995,,Malaysia,Rechtshänder,24g Target Signature,Mohd Latif Sapup,Latif Sapup M.
,2021,,Ungarn,Rechtshänder,,Levente Sárai,Sárai L.
03.02.1975,1993,,Brasilien,Rechtshänder,,Alexandre Sattin,Sattin A.
14.10.1969,1994,,USA,Rechtshänder,22g Target,Tom Sawyer ,Sawyer T.
04.03.1992,2012,,Südafrika,Rechtshänder,22g,Warrick Scheffer,Scheffer W.
,,,Tschechien,Rechtshänder,,Vaclav Schieferdecker,Schieferdecker V.
02.10.1993,2011,,Niederlande,Rechtshänder,MasterDarts 30g,Jimmy van Schie,van Schie J.
,2017,,Deutschland,Rechtshänder,,Nils Schierbrock,Schierbrock N.
16.08.1996,,2017,Deutschland,Rechtshänder,,Martin Schindler,Schindler M.
07.11.2002,2017,,Deutschland,Rechtshänder,Loxley Darts 22g,David Schlichting,Schlichting D.
12.04.2000,2014,,Deutschland,Rechtshänder,Target Nico Schlund 22g,Nico Schlund,Schlund N.
19.10.2005,2019,,Deutschland,Rechtshänder,One80 Fabian Schmutzler 24g,Fabian Schmutzler,Schmutzler F.
23.03.1977,1992,,Österreich,Rechtshänder,,Hannes Schnier,Schnier H.
11.01.1965,1990,2001,Niederlande,Rechtshänder,Datadart Roland Scholten 21g,Roland Scholten,Scholten R.
12.09.1973,,,Deutschland,Rechtshänder,,Nico Schunke,Schunke N.
05.11.1989,,,Belgien,Rechtshänder,Cosmo Darts 22g,Francois Schweyen,Schweyen F.
17.02.1981,1997,,England,Rechtshänder,Dogs of War - WAR 4 19g,John Scott,Scott J.
15.04.1996,2014,2022,England,Rechtshänder,RedDragon 22g,Connor Scutt,Scutt C.
21.10.1987,2011,2017,England,Rechtshänder,Harrows 32g,Ryan Searle,Searle R.
18.05.1995,,,Tschechien,Rechtshänder,Lunar Red Dragon 21g,Filip Sebesta,Sebesta F.
17.02.1979,2007,2018,Tschechien,Rechtshänder,Shot 22g,Karel Sedlacek,Sedlacek K.
05.02.1991,2009,,Tschechien,Rechtshänder,,Vitezslav Sedlak,Sedlak V.
28.04.1978,,,,Rechtshänder,,Ioannis Selachoglou,Selachoglou I.
,2018,,England,,Loxley Darts,Jaikob Selby-Rivas,Selby-Rivas J.
17.11.2009,,,England,Linkshänder,,Archie Self,Self A.
02.03.1984,1992,,Deutschland,Rechtshänder,22g Winmau Sabotage,Benny Sensenschmidt,Sensenschmidt B.
,,,USA,Rechtshänder,Red Dragon 22g,Adam Sevada,Sevada A.
,1983,2006,Deutschland,Rechtshänder,,Tomas Seyler,Seyler T.
22.09.1968,1997,,Malaysia,Rechtshänder,,Tengku Shah,Shah T.
05.10.1986,1999,,England,,Unicorn Kirk Shepherd 21g,Kirk Shepherd,Shepherd K.
16.02.1984,,,England,Rechtshänder,,Lee Shewan,Shewan L.
03.12.1986,,,Japan,Rechtshänder,,Toyokazu Shibata,Shibata T.
02.08.1979,2000,,Japan,Rechtshänder,23g Target,Hiroaki Shimizu,Shimizu H.
16.09.1986,2005,,Deutschland,Rechtshänder,Karella,Steffen Siepmann,Siepmann S.
03.12.1968,1992,,England,Linkshänder,24g,Kevin Simm,Simm K.
02.12.1971,1994,,Australien,Rechtshänder,22g Puma Signature,Eddy Sims,Sims E.
19.11.2002,,2023,Irland,Linkshänder,Mission Darts,Dylan Slevin,Slevin D.
13.03.1983,2015,,Tschechien,Rechtshänder,,Michal Smejda,Smejda M.
22.06.1967,1974,2004,Enland,Rechtshänder,,Andy Smith,Smith A.
31.01.1964,1980,,Neuseeland,Rechtshänder,14g Puma Signature,Bernie Smith,Smith B.
02.08.1969,1978,,England,Rechtshänder,Nickel Tungsten 22g,Dennis Smith,Smith D.
06.11.1975,1979,2008,Kanada,Rechtshänder,Cosmo Darts Signature 21g,Jeff Smith,Smith J.
05.07.1997,2015,,Wales,Rechtshänder,Black Razor Edge 22g,Justin Smith,Smith J.
,2017,,Australien,Linkshänder,Shot Darts 24g,Ky Smith,Smith K.
18.09.1990,2006,2008,England,Rechtshänder,Shot 24g,Michael Smith,Smith M.
06.12.1979,,2008,Australier,Rechtshänder,Shot 22g,Raymond Smith,Smith R.
12.01.1989,2003,2010,England,Rechtshänder,Unicorn 22g,Ross Smith,Smith R.
29.10.1993,2010,,England,Rechtshänder,Red Dragon 22g,Adam Smith-Neale,Smith-Neale A.
17.10.1979,,,Tschechien,Rechtshänder,Cuesoul,Dalibor Smolik,Smolik D.
21.05.1971,1995,,Kanada,Rechtshänder,Cosmo 23g,Ross Snook,Snook R.
,,,Neuseeland,Rechtshänder,,Daniel Snookes,Snookes D.
,,,Philippinen,Rechtshänder,,Sandro Eric Sosing,Eric Sosing S.
25.02.1974,1993,2019,Portugal,Rechtshänder,Trinidad Signature 20g,Jose de Sousa,de Sousa J.
10.01.1978,1992,2021,Schottland,Rechtshänder,Mission Darts,Alan Soutar,Soutar A.
08.09.1993,2010,2016,Niederlande,Rechtshänder,Cosmo Darts 24g,Jeffrey Sparidaans,Sparidaans J.
06.11.1988,,,USA,Rechtshänder,Winmau 22g,Alex Spellman,Spellman A.
20.12.1961,,,Dänemark,Rechtshänder,,Ivan Springborg Poulsen,Springborg Poulsen I.
13.07.1986,,,USA,Rechtshänder,,Jeff Springer Jr.,Springer Jr. J.
11.07.2000,,,Deutschland,Rechtshänder,,Niko Springer,Springer N.
11.02.1994,2008,,Deutschland,Rechtshänder,Elimate,Daniel Sprudzs,Sprudzs D.
,2011,,England,Linkshänder,,Simon Stainton,Stainton S.
19.10.1984,,,Deutschland,Rechtshänder,Jochen Weißmann Handmade Sascha Stein,Sascha Stein,Stein S.
06.11.2008,,,Niederlande,Rechtshänder,,Kendji Steinbach,Steinbach K.
17.11.1973,,,Österreich,Rechtshänder,21g,Alex Steinbauer,Steinbauer A.
18.02.1972,1990,2014,England,Rechtshänder,Bristows 23g,Simon Stevenson,Stevenson S.
18.02.1980,2018,,Polen,Rechtshänder,,Sebastian Steyer,Steyer S.
18.04.1971,,,Schweiz,Rechtshänder,,Bruno Stöckli,Stöckli B.
10.09.1962,,,Niederlande,Rechtshänder,Grad Slam 22g,Co Stompé,Stompé C.
16.06.1981,1997,2012,Schottland,Rechtshänder,Unicorn Neon 21 G,Gary Stone,Stone G.
23.03.1972,,,Deutschland,Rechtshänder,,Stefan Stoyke,Stoyke S.
18.02.2004,2017,,Deutschland,Rechtshänder,,Sascha Stuhlemmer,Stuhlemmer S.
,1997,,Ungarn,Rechtshänder,,Péter Strbik,Strbik P.
,,,Belgien,,,Steven Strobbe,Strobbe S.
,,,Österreich,Rechtshänder,,Rainer Sturm,Sturm R.
05.03.1972,1989,2008,Österreich,Rechtshänder,Legend Darts Mensur Suljovic 25g,Mensur Suljovic,Suljovic M.
09.03.1970,1992,,Chinese,Rechtshänder,18g Cosmo Darts,Qiang Sun,Sun Q.
07.10.1987,2012,2012,Japan,Rechtshänder,,Toru Suzuki,Suzuki T.
03.06.1990,2023,,Bahamas,Rechtshänder,,Rashad Sweeting,Sweeting R.
26.08.1963,,,Griechenland,Rechtshänder,,Veniamin Symeonidis,Symeonidis V.
29.10.1965,2002,Semi-Profi,Neuseeland,Rechtshänder,,Rob Szabo,Szabo R.
17.10.1979,2008,2022,Polen,Rechtshänder,,Radek Szaganski,Szaganski R.
14.11.1972,2006,,Ungarn,Rechtshänder,Target,Pál Székely,Székely P.
24.05.2010,,,Ungarn,Rechtshänder,,Balázs Szoták,Szoták B.
23.09.1966,1989,,England,,,Alan Tabern,Tabern A.
23.09.1980,,,Philippinen,Rechtshänder,,Alex Tagarao,Tagarao A.
26.09.1973,2013,,Ungarn,Rechtshänder,,Gábor Takács,Takács G.
15.11.1989,2012,,Deutschland,Rechtshänder,Evolution Darts Erik Tautfest,Erik Tautfest,Tautfest E.
,2014,,England,Rechtshänder,Target Adrian Lewis Gen 2,Dom Taylor,Taylor D.
27.06.1968,,,Kanada,Rechtshänder,Galaxy 22g,Jacob Taylor,Taylor J.
,,,England,Rechtshänder,,Michael Taylor,Taylor M.
13.08.1960,1986,1997,England,,,Phil Taylor,Taylor P.
22.08.1991,2009,2013,England,Rechtshänder,Target,Scott Taylor,Taylor S.
15.03.1999,2014,2020,Irland,Rechtshänder,,Ciaran Teehan,Teehan C.
10.08.2008,,,England,Rechtshänder,,Mason Teese,Teese M.
28.04.1995,2015,2017,Niederlande,Rechtshänder,23g MasterDarts,Derk Telnekes,Telnekes D.
16.08.1961,2000,2011,England,Rechtshänder,Harrows 21g,Terry Temple,Temple T.
20.04.2000,2007,,Niederlande,Rechtshänder,,Justin van Tergouw,van Tergouw J.
13.05.1985,,,Deutschland,Rechtshänder,,Danny Teßmann,Teßmann D.
13.03.2008,2021,,Deutschland,Rechtshänder,,Mats Theobald,Theobald M.
23.07.1972,,,Wales,Rechtshänder,,Martin Thomas,Thomas M.
09.01.1965,1986,2004-2014,England,Rechtshänder,21g,Garry Thompson,Thompson G.
08.01.1969,1990,2018,Australien,Rechtshänder,Target 23g,Justin Thompson,Thompson J.
17.07.1967,1983,2004,Schottland,Rechtshänder,Red Dragon Robert Thornton 26g,Robert Thornton,Thornton R.
09.01.1967,1987,,Australien,Linkshänder,24g Dennis Priestley Winmau Signature,Shane Tichowitsch,Tichowitsch S.
,2012,,Schweden,Rechtshänder,,Viktor Tingström,Tingström V.
,,,Belgien,Rechtshänder,Cuesoul,Jody Tobback,Tobback J.
06.06.1972,1990,2011,England,Rechtshänder,26g,Mick Todd,Todd M.
12.09.1994,,,Dänemark,Rechtshänder,Winmau 21g,Andreas Toft Jørgensen,Toft Jørgensen A.
05.01.1993,2008,,Schweden,Rechtshänder,,Edwin Torbjörnsson,Torbjörnsson E.
05.09.1980,2013,,Italien,Rechtshänder,Powercore Darts Stefano Tomassetti 20g,Stefano Tomassetti,Tomassetti S.
14.11.2001,,,Deutschland,Rechtshänder,,Christopher Toonders,Toonders C.
06.01.1992,2012,,Philippinen,Linkshänder,One80 Signature Darts 20g,Alexis Toylo,Toylo A.
11.10.1989,2002,,Frankreich,Rechtshänder,Winmau 24g,Thibault Tricole,Tricole T.
24.12.1996,2017,,Niederlande,Rechtshänder,One80 23g,Danny van Trijp,van Trijp D.
29.09.1995,2018,,Österreich,Rechtshänder,19g,Patrick Tringler,Tringler P.
17.06.1999,2007,,Deutschland,Rechtshänder,,Kevin Troppmann,Troppmann K.
17.01.1982,2024,,Italien,,,Michele Turetta,Turetta M.
11.06.1980,1997,,England,,,Aaron Turner,Turner A.
27.05.1969,2006,2013,England,Linkshänder,One80 Signature 22g,Martyn Turner,Turner M.
04.07.1992,,,England,Rechtshänder,,Ross Twell,Twell R.
23.07.1979,,,Philippinen,Rechtshänder,,Gilbert Ulang,Ulang G.
23.05.1988,2004,,Deutschland,Rechtshänder,,Michael Unterbuchner,Unterbuchner M.
14.06.1973,2009,2023,England,Linkshänder,22g,Graham Usher,Usher G.
,,,Türkei,Rechtshänder,,Ümit Uygunsözlü,Uygunsözlü Ü.
,,2010,Niederlande,Rechtshänder,,Wouter Vaes,Vaes W.
16.09.1965,1991,,Brasilien,Rechtshänder,,Artur Valle,Valle A.
14.12.1981,,,Belgien,Rechtshänder,Harrows 21g,Roberto Vandaele,Vandaele R.
01.06.1973,,2022,Belgien,Rechtshänder,,Mario Vandenbogaerde,Vandenbogaerde M.
30.09.1984,,,Belgien,Rechtshänder,,Wouter Vanrolleghem,Vanrolleghem W.
23.04.2002,2015,,Niederlande,Rechtshänder,RedDragon Signature,Gian van Veen,van Veen G.
10.07.1981,2006,,Niederlande,Rechtshänder,,Richard Veenstra,Veenstra R.
01.12.1990,,,Ungarn,Rechtshänder,Glen Durrant 22g,Janos Vegsö,Vegsö J.
15.08.1960,1990,2002-2008,Schottland,Rechtshänder,20g Bullseye,Mike Veitch,Veitch M.
04.12.2002,2015,,Niederlande,Rechtshänder,Winmau,Jurjen van der Velde,van der Velde J.
05.01.2008,2020,,Niederlande,Rechtshänder,,Bradley van der Velden,van der Velden B.
02.07.2000,,,Niederlande,Rechtshänder,,Marvin van Velzen,van Velzen M.
18.02.1977,2009,,Belgien,Rechtshänder,22g Essence,Davyd Venken,Venken D.
,,,England,Rechtshänder,,Craig Venman,Venman C.
03.02.1999,2013,,Niederlande,Rechtshänder,Masterdart Michael van Gerwen 21g,Maikel Verberk,Verberk M.
20.04.2003,,,Südafrika,Rechtshänder,,Stefan Vermaak,Vermaak S.
,2021,,Ungarn,Rechtshänder,,Mihály Vida,Vida M.
,2009,,Italien,Rechtshänder,,Danilo Vigato,Vigato D.
27.03.1982,1998,,Finnland,Rechtshänder,Matchstick 25g,Veijo Viinikka,Viinikka V.
17.02.1967,2003,,Gibraltar,Rechtshänder,Signature 27g,Manuel Vilerio,Vilerio M.
04.12.1981,1999,2014,Finnland,Rechtshänder,,Kim Viljanen,Viljanen K.
18.12.1975,1985,2007,Niederlande,Rechtshänder,Winmau Vincent van der Voort 24g,Vincent van der Voort,van der Voort V.
06.10.1981,2004,,Belgien,Rechtshänder,Grand Slam Geert de Vos 24g,Geert de Vos,de Vos G.
06.07.1990,2004,,Niederlande,Rechtshänder,,Gino Vos,Vos G.
01.09.1992,2007,,Niederlande,Rechtshänder,24g Loxley Signature,Ryan de Vreede,de Vreede R.
02.05.1980,2000,,Polen,Rechtshänder,Cosmo 23g,Lukasz Waclawski,Waclawski L.
06.04.1983,1997,2004,England,Linkshänder,Unicorn James Wade 20g,James Wade,Wade J.
26.12.1984,2000,,Belgien,Rechtshänder,24g,Cedric Waegemans,Waegemans C.
14.06.1965,1991,,Norwegen,Rechtshänder,DataDart Silver Shadow 22g,Robert Wagner,Wagner R.
17.02.1977,2004,Halb-Profi,England,Rechtshänder,Winmau Scott Waites Onyx 23g,Scott Waites,Waites S.
27.08.1993,2016,,Niederlande,Rechtshänderin,Wild Roses,Aletta Wajer,Wajer A.
04.02.1999,,2024,Niederlande,Rechtshänder,,Jitse van der Wal,van der Wal J.
31.10.2006,2020,,England,Rechtshänder,Target Signature 23g,Jenson Walker,Walker J.
22.02.1962,,,Schottland,Linkshänder,Signature 24g,Les Wallace,Wallace L.
24.02.1976,2011,,Schweiz,Rechtshänder,Unicorn T80 21g,Marcel Walpen,Walpen M.
02.02.1965,,,England,Rechtshänder,,Mark Walsh, Walsh M.
28.03.1983,,,England,Rechtshänder,RedDragon Hunters 22g,Scott Walters,Walters S.
10.11.1961,,,England,Rechtshänder,,John Walton,Walton J.
29.11.1984,2008,,Wales,Rechtshänder,,Michael Warburton,Warburton M.
10.12.1988,2006,,England,Rechtshänder,22g,Ben Ward,Ward B.
13.06.1997,2012,2019,England,Rechtshänder,Unicorn 22g,Harry Ward,Ward H.
05.05.1997,,,England,Rechtshänder,Mission Darts,Adam Warner,Warner A.
12.06.1962,2003,,Wales,Rechtshänder,,Wayne Warren,Warren W.
24.03.1962,1980,1993,England,Rechtshänder,RedDragon 22g,Alan Warriner-Little,Warriner-Little A.
09.03.1988,2008,2014,Niederlande,Rechtshänder,,Jermaine Wattimena,Wattimena J.
30.09.,2016,,Deutschland,Rechtshänder,,Yves Wawrzyniak,Wawrzyniak Y.
29.11.1972,1992,,Australien,Linkshänder,,John Weber,Weber J.
21.11.2002,2021,,Deutschland,Rechtshänder,,Leon Weber,Weber L.
10.06.1966,2002,2018,England,Rechtshänder,Cosmos 16g,Darren Webster,Webster D.
12.08.1983,2000,2009,Wales,Linkshänder,Winmau Mark Webster 20g,Mark Webster,Webster M.
03.11.1998,2015,,Australien,Rechtshänder,Designa 24g,Brandon Weening,Weening B.
17.09.1996,2008,,Deutschland,Rechtshänder,Showtime Darts 21g,Marvin Wehder,Wehder M.
06.05.1972,,,Deutschland,Rechtshänder,,Andree Welge,Welge A.
14.08.2001,2021,,Deutschland,Rechtshänder,,Laurin Welk,Welk L.
08.02.1983,2016,,China,Rechtshänder,23g,Lihao Wen,Wen L.
18.09.1994,,2024,Deutschland,Rechtshänder,,Lukas Wenig,Wenig L.
05.06.1975,1989,2012,England,Rechtshänder,Cosmo 22g,Steve West,West S.
27.06.1954,1974,,England,,,Dave Whitcombe,Whitcombe D.
17.08.1970,1990,2010,England,Rechtshänder,Unicorn Maestro 23g,Ian White,White I.
18.02.1986,2007,2019-2020,England,Rechtshänder,Barbarian Signature Darts One80 23g,Conan Whitehead,Whitehead C.
03.03.1969,1984,2004,Australien,Rechtshänder,Red Dragon Eagles 3 22g,Simon Whitlock,Whitlock S.
23.08.1969,1989,1990,USA,Rechtshänder,22g G-Force,Jim Widmayer,Widmayer J.
15.04.1982,,,Niederlande,Rechtshänder,Winmau Bobby George 22g,Willy van de Wiel,van de Wiel W.
12.08.2003,2012,,Deutschland,Rechtshänder,,Leon Wilhelm,Wilhelm L.
09.05.1984,2004,2019,England,Rechtshänder,23g,Carl Wilkinson,Wilkinson C.
22.01.1992,,2022,England,Rechtshänder,,Shaun Wilkinson,Wilkinson S.
27.07.1984,2007,2012,Wales,Rechtshänder,One80 25g,Jim Williams,Williams J.
18.01.2002,2018,2021,Wales,Rechtshänder,Target Lewy Williams Gen 1 25g,Lewis Williams,Williams L.
29.05.1989,2006,2016,England,Rechtshänder,,Ricky Williams,Williams R.
18.01.1990,2019,2022,England,Rechtshänder,Target 25g,Scott Williams,Williams S.
25.02.1972,1978,2012,England,Rechtshänder,,James Wilson,Wilson J.
09.12.1969,,,England,Rechtshänder,,Jason Wilson,Wilson J.
,,,Schottland,,,Jocky Wilson,Wilson J.
08.10.1977,1997,2018,England,Rechtshänder,,Mark Wilson,Wilson M.
05.01.1977,2006,,England,Rechtshänder,,Stu Wilson,Wilson S.
08.01.1990,2009,,Deutschland,Rechtshänder,,Rene Windeler,Windeler R.
27.05.1990,2017,,Niederlande,Rechtshänder,,Jeremy van der Winkel,van der Winkel J.
10.02.1981,1983,2008,England,Rechtshänder,Dean Winstanley 24g Winmau Signature,Dean Winstanley,Winstanley D.
04.06.1995,,,Deutschland,Rechtshänder,,Pascal Wirotius,Wirotius P.
17.04.1995,2018,,Deutschland,Rechtshänder,Luke Humphries 24g,Tim Wolters,Wolters T.
,,,Malaysia,Linkshänder,CosmoDarts,Siik Hwang Wong,Hwang Wong S.
13.10.1988,2008,2018,England,Rechtshänder,Harrows Signature 22g,Luke Woodhouse,Woodhouse L.
09.11.1966,1988,2010,England,Rechtshänder,23g A180 Pecker Darts,Brian Woods,Woods B.
02.08.1984,2005,2019,Wales,Rechtshänder,Cosmo Darts 22g,Jonathan Worsley,Worsley J.
10.03.1970,1995,2008,Schottland,Rechtshänder,,Peter Wright,Wright P.
24.07.1983,2007,,Japan,Rechtshänder,Trinidad 21g,Yuki Yamada,Yamada Y.
12.11.1977,2009,,Japan,Rechtshänder,Dynasty 18g,Nobuhiro Yamamoto,Yamamoto N.
02.02.1973,1992,,USA,,,Darin Young,Young D.
,,,Bahrain,Rechtshänder,,Abdulnasser Yusuf,Yusuf A.
,2017,,China,Rechtshänder,,Qingyu Zhan,Zhan Q.
,,,China,Rechtshänder,,Zizhao Zheng,Zheng Z.
28.10.1981,2016,,China,Rechtshänder,One80 20g,Di Zhuang,Zhuang D.
14.11.1977,,,Deutschland,Rechtshänder,Jens Ziegler Basic 22g,Jens Ziegler,Ziegler J.
08.03.1998,,,China,Rechtshänder,21g,Xiao Chen Zong,Chen Zong X.
22.07.1998,,2019,Niederlande,Linkshänder,Shot Darts,Niels Zonneveld,Zonneveld N.
,2005,,Lettland,Rechtshänder,,Dmitrijs Zukovs,Zukovs D.
26.03.1996,2011,2015,Niederlande,Rechtshänder,Jeffrey de Zwaan Signature Darts 23g,Jeffrey de Zwaan,de Zwaan J.
24.04.1990,1996,,Deutscher,Rechtshänder,24g One80 Daniel Zygla Signature,Daniel Zygla,Zygla D.
